League,Season,Team,TeamMatchRows,LeadOpportunities,BehindOpportunities,LevelOpportunities,ProtectedLeads,LeadSlips,LeadCollapses,ComebackWins,RecoveryDraws,DrawBreakthroughs,StateChanges,Points,GoalsFor,GoalsAgainst,AvgSwingIntensity,AvgTotalMatchCards,AvgSecondHalfGoalShare,LeadShieldPct,CollapseExposurePct,LeadCollapsePct,ResilienceRatePct,ComebackWinRatePct,DrawBreakthroughRatePct,StateChangeRatePct,PointsPerMatch,GoalsForPerMatch,GoalsAgainstPerMatch
English Premier League,2015/16,Arsenal,38.0,14.0,7.0,17.0,12.0,2.0,0.0,1.0,1.0,7.0,13.0,71.0,65.0,36.0,0.8947368421052632,2.9210526315789473,0.45748823529411764,85.71,14.29,0.0,28.57,14.29,41.18,34.21,1.868,1.711,0.947
English Premier League,2015/16,Aston Villa,38.0,4.0,20.0,14.0,1.0,2.0,1.0,0.0,3.0,2.0,17.0,17.0,27.0,76.0,1.0,3.3947368421052633,0.6038114285714287,25.0,75.0,25.0,15.0,0.0,14.29,44.74,0.447,0.711,2.0
English Premier League,2015/16,Bournemouth,38.0,8.0,17.0,13.0,6.0,1.0,1.0,0.0,2.0,5.0,11.0,42.0,45.0,67.0,0.8157894736842105,2.8947368421052633,0.4442171428571428,75.0,25.0,12.5,11.76,0.0,38.46,28.95,1.105,1.184,1.763
English Premier League,2015/16,Chelsea,38.0,13.0,9.0,16.0,9.0,3.0,1.0,1.0,2.0,2.0,14.0,50.0,59.0,53.0,0.9210526315789473,4.631578947368421,0.5880999999999998,69.23,30.77,7.69,33.33,11.11,12.5,36.84,1.316,1.553,1.395
English Premier League,2015/16,Crystal Palace,38.0,5.0,11.0,22.0,4.0,0.0,1.0,1.0,4.0,6.0,23.0,42.0,39.0,51.0,1.0526315789473684,3.3947368421052633,0.6725470588235294,80.0,20.0,20.0,45.45,9.09,27.27,60.53,1.105,1.026,1.342
English Premier League,2015/16,Everton,38.0,11.0,11.0,16.0,8.0,2.0,1.0,1.0,1.0,2.0,10.0,47.0,59.0,55.0,0.7105263157894737,2.9210526315789473,0.460185294117647,72.73,27.27,9.09,18.18,9.09,12.5,26.32,1.237,1.553,1.447
English Premier League,2015/16,Leicester,38.0,17.0,6.0,15.0,13.0,3.0,1.0,2.0,3.0,8.0,18.0,81.0,68.0,36.0,0.9736842105263158,3.1315789473684212,0.6117083333333332,76.47,23.53,5.88,83.33,33.33,53.33,47.37,2.132,1.789,0.947
English Premier League,2015/16,Liverpool,38.0,11.0,6.0,21.0,9.0,1.0,1.0,1.0,1.0,6.0,15.0,60.0,63.0,50.0,1.0,3.0,0.6203666666666666,81.82,18.18,9.09,33.33,16.67,28.57,39.47,1.579,1.658,1.316
English Premier League,2015/16,Man City,38.0,11.0,8.0,19.0,11.0,0.0,0.0,0.0,0.0,8.0,10.0,66.0,71.0,41.0,0.9736842105263158,3.1842105263157894,0.49740303030303035,100.0,0.0,0.0,0.0,0.0,42.11,26.32,1.737,1.868,1.079
English Premier League,2015/16,Man United,38.0,12.0,4.0,22.0,11.0,1.0,0.0,0.0,0.0,8.0,15.0,66.0,49.0,35.0,0.6578947368421053,3.236842105263158,0.5722212121212121,91.67,8.33,0.0,0.0,0.0,36.36,39.47,1.737,1.289,0.921
English Premier League,2015/16,Newcastle,38.0,8.0,16.0,14.0,6.0,2.0,0.0,1.0,3.0,2.0,15.0,37.0,44.0,65.0,1.131578947368421,3.1315789473684212,0.5968399999999998,75.0,25.0,0.0,25.0,6.25,14.29,39.47,0.974,1.158,1.711
English Premier League,2015/16,Norwich,38.0,7.0,13.0,18.0,6.0,0.0,1.0,0.0,1.0,3.0,14.0,34.0,39.0,67.0,0.8947368421052632,2.8421052631578947,0.6849108108108108,85.71,14.29,14.29,7.69,0.0,16.67,36.84,0.895,1.026,1.763
English Premier League,2015/16,Southampton,38.0,15.0,9.0,14.0,12.0,1.0,2.0,1.0,1.0,5.0,12.0,63.0,59.0,41.0,0.868421052631579,2.710526315789474,0.5380942857142857,80.0,20.0,13.33,22.22,11.11,35.71,31.58,1.658,1.553,1.079
English Premier League,2015/16,Stoke,38.0,11.0,14.0,13.0,8.0,2.0,1.0,1.0,2.0,5.0,14.0,51.0,41.0,55.0,0.8947368421052632,2.973684210526316,0.5682342857142857,72.73,27.27,9.09,21.43,7.14,38.46,36.84,1.342,1.079,1.447
English Premier League,2015/16,Sunderland,38.0,8.0,14.0,16.0,4.0,4.0,0.0,2.0,2.0,3.0,18.0,39.0,48.0,62.0,1.0,3.6315789473684212,0.5817138888888889,50.0,50.0,0.0,28.57,14.29,18.75,47.37,1.026,1.263,1.632
English Premier League,2015/16,Swansea,38.0,12.0,8.0,18.0,7.0,3.0,2.0,0.0,2.0,5.0,19.0,47.0,42.0,52.0,0.8421052631578947,3.763157894736842,0.56762,58.33,41.67,16.67,25.0,0.0,27.78,50.0,1.237,1.105,1.368
English Premier League,2015/16,Tottenham,38.0,14.0,7.0,17.0,9.0,4.0,1.0,2.0,2.0,8.0,19.0,70.0,69.0,35.0,1.131578947368421,3.6315789473684212,0.5514257142857143,64.29,35.71,7.14,57.14,28.57,47.06,50.0,1.842,1.816,0.921
English Premier League,2015/16,Watford,38.0,8.0,9.0,21.0,7.0,1.0,0.0,0.0,1.0,5.0,16.0,45.0,40.0,50.0,0.7368421052631579,3.289473684210526,0.5794088235294118,87.5,12.5,0.0,11.11,0.0,23.81,42.11,1.184,1.053,1.316
English Premier League,2015/16,West Brom,38.0,8.0,11.0,19.0,5.0,1.0,2.0,0.0,3.0,5.0,16.0,43.0,34.0,48.0,0.6842105263157895,2.9473684210526314,0.47891764705882356,62.5,37.5,25.0,27.27,0.0,26.32,42.11,1.132,0.895,1.263
English Premier League,2015/16,West Ham,38.0,15.0,12.0,11.0,11.0,3.0,1.0,3.0,2.0,2.0,11.0,62.0,65.0,51.0,0.7631578947368421,3.526315789473684,0.4765971428571428,73.33,26.67,6.67,41.67,25.0,18.18,28.95,1.632,1.711,1.342
English Premier League,2016/17,Arsenal,38.0,14.0,6.0,18.0,12.0,1.0,1.0,0.0,2.0,11.0,19.0,75.0,77.0,44.0,1.2894736842105263,3.9473684210526314,0.6670638888888889,85.71,14.29,7.14,33.33,0.0,61.11,50.0,1.974,2.026,1.158
English Premier League,2016/17,Bournemouth,38.0,12.0,13.0,13.0,8.0,4.0,0.0,1.0,2.0,3.0,16.0,46.0,55.0,67.0,1.0526315789473684,3.6315789473684212,0.5201749999999999,66.67,33.33,0.0,23.08,7.69,23.08,42.11,1.211,1.447,1.763
English Premier League,2016/17,Burnley,38.0,7.0,8.0,23.0,7.0,0.0,0.0,0.0,0.0,4.0,16.0,40.0,39.0,55.0,0.7631578947368421,3.5,0.6185685714285714,100.0,0.0,0.0,0.0,0.0,17.39,42.11,1.053,1.026,1.447
English Premier League,2016/17,Chelsea,38.0,21.0,6.0,11.0,19.0,2.0,0.0,1.0,0.0,10.0,13.0,93.0,85.0,33.0,1.105263157894737,4.157894736842105,0.49924473684210524,90.48,9.52,0.0,16.67,16.67,90.91,34.21,2.447,2.237,0.868
English Premier League,2016/17,Crystal Palace,38.0,7.0,18.0,13.0,6.0,1.0,0.0,1.0,4.0,5.0,19.0,41.0,50.0,63.0,1.0526315789473684,3.8684210526315788,0.5853815789473685,85.71,14.29,0.0,27.78,5.56,38.46,50.0,1.079,1.316,1.658
English Premier League,2016/17,Everton,38.0,10.0,10.0,18.0,7.0,3.0,0.0,0.0,2.0,10.0,18.0,61.0,62.0,44.0,1.0263157894736843,3.5,0.5847222222222223,70.0,30.0,0.0,20.0,0.0,55.56,47.37,1.605,1.632,1.158
English Premier League,2016/17,Hull,38.0,5.0,16.0,17.0,3.0,1.0,1.0,2.0,1.0,4.0,17.0,34.0,37.0,80.0,1.4210526315789473,3.3421052631578947,0.7274194444444445,60.0,40.0,20.0,18.75,12.5,23.53,44.74,0.895,0.974,2.105
English Premier League,2016/17,Leicester,38.0,11.0,16.0,11.0,10.0,1.0,0.0,0.0,3.0,2.0,11.0,44.0,48.0,63.0,0.9210526315789473,3.3684210526315788,0.5004114285714286,90.91,9.09,0.0,18.75,0.0,18.18,28.95,1.158,1.263,1.658
English Premier League,2016/17,Liverpool,38.0,19.0,7.0,12.0,16.0,2.0,1.0,2.0,2.0,4.0,13.0,76.0,78.0,42.0,0.9736842105263158,3.3157894736842106,0.47762,84.21,15.79,5.26,57.14,28.57,33.33,34.21,2.0,2.053,1.105
English Premier League,2016/17,Man City,38.0,20.0,8.0,10.0,17.0,2.0,1.0,1.0,2.0,5.0,11.0,78.0,80.0,39.0,1.0,4.368421052631579,0.5444472222222223,85.0,15.0,5.0,37.5,12.5,50.0,28.95,2.053,2.105,1.026
English Premier League,2016/17,Man United,38.0,17.0,7.0,14.0,15.0,2.0,0.0,0.0,3.0,3.0,9.0,69.0,54.0,29.0,0.6842105263157895,3.9473684210526314,0.52448125,88.24,11.76,0.0,42.86,0.0,21.43,23.68,1.816,1.421,0.763
English Premier League,2016/17,Middlesbrough,38.0,6.0,15.0,17.0,4.0,2.0,0.0,0.0,1.0,1.0,10.0,28.0,27.0,53.0,0.631578947368421,3.6842105263157894,0.5080645161290324,66.67,33.33,0.0,6.67,0.0,5.88,26.32,0.737,0.711,1.395
English Premier League,2016/17,Southampton,38.0,9.0,8.0,21.0,7.0,1.0,1.0,0.0,1.0,5.0,16.0,46.0,41.0,48.0,1.0,3.3947368421052633,0.6049903225806451,77.78,22.22,11.11,12.5,0.0,23.81,42.11,1.211,1.079,1.263
English Premier League,2016/17,Stoke,38.0,12.0,12.0,14.0,8.0,3.0,1.0,0.0,1.0,3.0,12.0,44.0,41.0,56.0,0.8157894736842105,4.0,0.5138085714285714,66.67,33.33,8.33,8.33,0.0,21.43,31.58,1.158,1.079,1.474
English Premier League,2016/17,Sunderland,38.0,3.0,16.0,19.0,2.0,0.0,1.0,0.0,1.0,4.0,16.0,24.0,29.0,69.0,1.105263157894737,3.6578947368421053,0.6245388888888889,66.67,33.33,33.33,6.25,0.0,21.05,42.11,0.632,0.763,1.816
English Premier League,2016/17,Swansea,38.0,9.0,15.0,14.0,6.0,1.0,2.0,1.0,2.0,5.0,18.0,41.0,45.0,70.0,1.105263157894737,3.1842105263157894,0.5790166666666666,66.67,33.33,22.22,20.0,6.67,35.71,47.37,1.079,1.184,1.842
English Premier League,2016/17,Tottenham,38.0,17.0,7.0,14.0,16.0,1.0,0.0,2.0,3.0,8.0,16.0,86.0,86.0,26.0,1.1842105263157894,4.026315789473684,0.5959972222222222,94.12,5.88,0.0,71.43,28.57,57.14,42.11,2.263,2.263,0.684
English Premier League,2016/17,Watford,38.0,9.0,17.0,12.0,6.0,3.0,0.0,0.0,2.0,5.0,15.0,40.0,40.0,68.0,0.8421052631578947,4.0,0.5508555555555555,66.67,33.33,0.0,11.76,0.0,41.67,39.47,1.053,1.053,1.789
English Premier League,2016/17,West Brom,38.0,10.0,11.0,17.0,6.0,3.0,1.0,1.0,0.0,5.0,16.0,45.0,43.0,51.0,0.8421052631578947,3.5526315789473686,0.5486083333333333,60.0,40.0,10.0,9.09,9.09,29.41,42.11,1.184,1.132,1.342
English Premier League,2016/17,West Ham,38.0,9.0,11.0,18.0,6.0,1.0,2.0,0.0,2.0,6.0,17.0,45.0,47.0,64.0,1.0789473684210527,4.342105263157895,0.5944444444444444,66.67,33.33,22.22,18.18,0.0,33.33,44.74,1.184,1.237,1.684
English Premier League,2017/18,Arsenal,38.0,14.0,10.0,14.0,13.0,0.0,1.0,1.0,2.0,5.0,14.0,63.0,74.0,51.0,1.0526315789473684,2.9210526315789473,0.5817472222222223,92.86,7.14,7.14,30.0,10.0,35.71,36.84,1.658,1.947,1.342
English Premier League,2017/18,Bournemouth,38.0,6.0,12.0,20.0,4.0,2.0,0.0,2.0,1.0,5.0,17.0,44.0,45.0,61.0,1.0,3.3947368421052633,0.6064833333333333,66.67,33.33,0.0,25.0,16.67,25.0,44.74,1.158,1.184,1.605
English Premier League,2017/18,Brighton,38.0,7.0,12.0,19.0,5.0,2.0,0.0,0.0,2.0,4.0,14.0,40.0,34.0,54.0,0.8947368421052632,2.289473684210526,0.5924242424242424,71.43,28.57,0.0,16.67,0.0,21.05,36.84,1.053,0.895,1.421
English Premier League,2017/18,Burnley,38.0,10.0,10.0,18.0,8.0,1.0,1.0,1.0,3.0,5.0,16.0,54.0,36.0,39.0,0.8157894736842105,3.0,0.6176529411764706,80.0,20.0,10.0,40.0,10.0,27.78,42.11,1.421,0.947,1.026
English Premier League,2017/18,Chelsea,38.0,16.0,6.0,16.0,15.0,1.0,0.0,1.0,0.0,5.0,12.0,70.0,62.0,38.0,0.9210526315789473,3.1315789473684212,0.5733371428571428,93.75,6.25,0.0,16.67,16.67,31.25,31.58,1.842,1.632,1.0
English Premier League,2017/18,Crystal Palace,38.0,8.0,14.0,16.0,6.0,0.0,2.0,3.0,2.0,2.0,14.0,44.0,45.0,55.0,0.9736842105263158,3.789473684210526,0.5401970588235293,75.0,25.0,25.0,35.71,21.43,12.5,36.84,1.158,1.184,1.447
English Premier League,2017/18,Everton,38.0,8.0,12.0,18.0,5.0,2.0,1.0,0.0,2.0,8.0,17.0,49.0,44.0,58.0,1.0526315789473684,2.763157894736842,0.5899314285714286,62.5,37.5,12.5,16.67,0.0,44.44,44.74,1.289,1.158,1.526
English Premier League,2017/18,Huddersfield,38.0,8.0,11.0,19.0,6.0,1.0,1.0,0.0,1.0,3.0,14.0,37.0,28.0,58.0,1.105263157894737,3.236842105263158,0.6156545454545455,75.0,25.0,12.5,9.09,0.0,15.79,36.84,0.974,0.737,1.526
English Premier League,2017/18,Leicester,38.0,11.0,11.0,16.0,8.0,1.0,2.0,0.0,2.0,4.0,13.0,47.0,56.0,60.0,0.9473684210526315,2.8947368421052633,0.5412942857142858,72.73,27.27,18.18,18.18,0.0,25.0,34.21,1.237,1.474,1.579
English Premier League,2017/18,Liverpool,38.0,19.0,8.0,11.0,15.0,4.0,0.0,2.0,1.0,4.0,11.0,75.0,84.0,38.0,1.1578947368421053,2.473684210526316,0.533264705882353,78.95,21.05,0.0,37.5,25.0,36.36,28.95,1.974,2.211,1.0
English Premier League,2017/18,Man City,38.0,24.0,3.0,11.0,22.0,1.0,1.0,2.0,1.0,8.0,14.0,100.0,106.0,27.0,1.5263157894736843,3.6578947368421053,0.5825,91.67,8.33,4.17,100.0,66.67,72.73,36.84,2.632,2.789,0.711
English Premier League,2017/18,Man United,38.0,16.0,5.0,17.0,16.0,0.0,0.0,2.0,1.0,7.0,15.0,81.0,68.0,28.0,1.0789473684210527,3.526315789473684,0.5776142857142856,100.0,0.0,0.0,60.0,40.0,41.18,39.47,2.132,1.789,0.737
English Premier League,2017/18,Newcastle,38.0,8.0,11.0,19.0,5.0,3.0,0.0,0.0,1.0,7.0,19.0,44.0,39.0,47.0,0.868421052631579,3.0526315789473686,0.6378378378378379,62.5,37.5,0.0,9.09,0.0,36.84,50.0,1.158,1.026,1.237
English Premier League,2017/18,Southampton,38.0,9.0,14.0,15.0,3.0,4.0,2.0,0.0,3.0,4.0,16.0,36.0,37.0,56.0,0.6578947368421053,3.0789473684210527,0.5241696969696971,33.33,66.67,22.22,21.43,0.0,26.67,42.11,0.947,0.974,1.474
English Premier League,2017/18,Stoke,38.0,10.0,13.0,15.0,5.0,3.0,2.0,0.0,2.0,2.0,15.0,33.0,35.0,68.0,0.9736842105263158,2.9473684210526314,0.6058771428571429,50.0,50.0,20.0,15.38,0.0,13.33,39.47,0.868,0.921,1.789
English Premier League,2017/18,Swansea,38.0,5.0,18.0,15.0,4.0,0.0,1.0,1.0,2.0,3.0,12.0,33.0,28.0,56.0,0.8947368421052632,3.1578947368421053,0.5651999999999999,80.0,20.0,20.0,16.67,5.56,20.0,31.58,0.868,0.737,1.474
English Premier League,2017/18,Tottenham,38.0,13.0,8.0,17.0,13.0,0.0,0.0,1.0,2.0,9.0,14.0,77.0,74.0,36.0,1.0526315789473684,3.3421052631578947,0.6328189189189188,100.0,0.0,0.0,37.5,12.5,52.94,36.84,2.026,1.947,0.947
English Premier League,2017/18,Watford,38.0,9.0,15.0,14.0,6.0,1.0,2.0,1.0,2.0,4.0,15.0,41.0,44.0,64.0,1.0526315789473684,3.5,0.5642885714285715,66.67,33.33,22.22,20.0,6.67,28.57,39.47,1.079,1.158,1.684
English Premier League,2017/18,West Brom,38.0,8.0,12.0,18.0,3.0,4.0,1.0,0.0,1.0,3.0,16.0,31.0,31.0,56.0,0.7631578947368421,3.3947368421052633,0.666179411764706,37.5,62.5,12.5,8.33,0.0,16.67,42.11,0.816,0.816,1.474
English Premier League,2017/18,West Ham,38.0,9.0,13.0,16.0,6.0,2.0,1.0,1.0,1.0,3.0,12.0,42.0,48.0,68.0,1.1578947368421053,3.3947368421052633,0.5933371428571428,66.67,33.33,11.11,15.38,7.69,18.75,31.58,1.105,1.263,1.789
English Premier League,2018/19,Arsenal,38.0,11.0,10.0,17.0,9.0,2.0,0.0,1.0,2.0,11.0,19.0,70.0,73.0,51.0,1.1578947368421053,3.973684210526316,0.5473684210526316,81.82,18.18,0.0,30.0,10.0,64.71,50.0,1.842,1.921,1.342
English Premier League,2018/19,Bournemouth,38.0,11.0,14.0,13.0,9.0,2.0,0.0,1.0,1.0,3.0,14.0,45.0,56.0,70.0,1.2894736842105263,4.105263157894737,0.5648648648648649,81.82,18.18,0.0,14.29,7.14,23.08,36.84,1.184,1.474,1.842
English Premier League,2018/19,Brighton,38.0,7.0,18.0,13.0,5.0,1.0,1.0,0.0,4.0,4.0,15.0,36.0,35.0,60.0,0.9473684210526315,3.0789473684210527,0.5435194444444443,71.43,28.57,14.29,22.22,0.0,30.77,39.47,0.947,0.921,1.579
English Premier League,2018/19,Burnley,38.0,9.0,12.0,17.0,8.0,1.0,0.0,0.0,0.0,3.0,12.0,40.0,45.0,68.0,0.9473684210526315,3.5526315789473686,0.5252371428571428,88.89,11.11,0.0,0.0,0.0,17.65,31.58,1.053,1.184,1.789
English Premier League,2018/19,Cardiff,38.0,4.0,16.0,18.0,4.0,0.0,0.0,1.0,0.0,5.0,15.0,34.0,34.0,69.0,1.0526315789473684,3.0789473684210527,0.6245088235294117,100.0,0.0,0.0,6.25,6.25,27.78,39.47,0.895,0.895,1.816
English Premier League,2018/19,Chelsea,38.0,15.0,3.0,20.0,12.0,2.0,1.0,0.0,0.0,9.0,16.0,72.0,63.0,39.0,1.2105263157894737,2.9473684210526314,0.6063705882352941,80.0,20.0,6.67,0.0,0.0,45.0,42.11,1.895,1.658,1.026
English Premier League,2018/19,Crystal Palace,38.0,16.0,8.0,14.0,11.0,2.0,3.0,0.0,1.0,3.0,16.0,49.0,51.0,53.0,0.9210526315789473,3.236842105263158,0.6928588235294117,68.75,31.25,18.75,12.5,0.0,21.43,42.11,1.289,1.342,1.395
English Premier League,2018/19,Everton,38.0,10.0,7.0,21.0,8.0,1.0,1.0,0.0,1.0,7.0,17.0,54.0,54.0,46.0,1.0526315789473684,3.5789473684210527,0.6052371428571428,80.0,20.0,10.0,14.29,0.0,33.33,44.74,1.421,1.421,1.211
English Premier League,2018/19,Fulham,38.0,5.0,22.0,11.0,2.0,2.0,1.0,1.0,1.0,4.0,14.0,26.0,34.0,81.0,1.131578947368421,2.973684210526316,0.5324351351351351,40.0,60.0,20.0,9.09,4.55,36.36,36.84,0.684,0.895,2.132
English Premier League,2018/19,Huddersfield,38.0,4.0,21.0,13.0,2.0,1.0,1.0,0.0,3.0,1.0,15.0,16.0,22.0,76.0,1.0263157894736843,3.3421052631578947,0.5013861111111111,50.0,50.0,25.0,14.29,0.0,7.69,39.47,0.421,0.579,2.0
English Premier League,2018/19,Leicester,38.0,7.0,16.0,15.0,7.0,0.0,0.0,0.0,4.0,8.0,16.0,52.0,51.0,48.0,0.868421052631579,3.5526315789473686,0.5480805555555556,100.0,0.0,0.0,25.0,0.0,53.33,42.11,1.368,1.342,1.263
English Premier League,2018/19,Liverpool,38.0,21.0,3.0,14.0,21.0,0.0,0.0,1.0,1.0,8.0,10.0,97.0,89.0,22.0,1.0789473684210527,2.3157894736842106,0.5587771428571428,100.0,0.0,0.0,66.67,33.33,57.14,26.32,2.553,2.342,0.579
English Premier League,2018/19,Man City,38.0,25.0,2.0,11.0,24.0,0.0,1.0,0.0,0.0,8.0,10.0,98.0,95.0,23.0,1.105263157894737,2.6578947368421053,0.5215567567567566,96.0,4.0,4.0,0.0,0.0,72.73,26.32,2.579,2.5,0.605
English Premier League,2018/19,Man United,38.0,17.0,9.0,12.0,15.0,2.0,0.0,2.0,1.0,2.0,11.0,66.0,65.0,54.0,0.868421052631579,3.8157894736842106,0.49629444444444437,88.24,11.76,0.0,33.33,22.22,16.67,28.95,1.737,1.711,1.421
English Premier League,2018/19,Newcastle,38.0,11.0,10.0,17.0,7.0,3.0,1.0,2.0,0.0,3.0,17.0,45.0,42.0,48.0,0.9210526315789473,3.1052631578947367,0.5323529411764705,63.64,36.36,9.09,20.0,20.0,17.65,44.74,1.184,1.105,1.263
English Premier League,2018/19,Southampton,38.0,10.0,13.0,15.0,5.0,4.0,1.0,1.0,2.0,3.0,17.0,39.0,45.0,65.0,0.8421052631578947,3.5789473684210527,0.5677176470588234,50.0,50.0,10.0,23.08,7.69,20.0,44.74,1.026,1.184,1.711
English Premier League,2018/19,Tottenham,38.0,19.0,8.0,11.0,15.0,1.0,3.0,2.0,1.0,6.0,18.0,71.0,67.0,39.0,1.0526315789473684,3.210526315789474,0.5986894736842105,78.95,21.05,15.79,37.5,25.0,54.55,47.37,1.868,1.763,1.026
English Premier League,2018/19,Watford,38.0,10.0,14.0,14.0,8.0,1.0,1.0,1.0,4.0,5.0,18.0,50.0,52.0,59.0,1.0789473684210527,3.4473684210526314,0.6000027777777777,80.0,20.0,10.0,35.71,7.14,35.71,47.37,1.316,1.368,1.553
English Premier League,2018/19,West Ham,38.0,12.0,13.0,13.0,8.0,3.0,1.0,2.0,1.0,5.0,17.0,52.0,52.0,55.0,1.0263157894736843,3.1315789473684212,0.548781081081081,66.67,33.33,8.33,23.08,15.38,38.46,44.74,1.368,1.368,1.447
English Premier League,2018/19,Wolves,38.0,8.0,13.0,17.0,6.0,1.0,1.0,2.0,2.0,8.0,17.0,57.0,47.0,46.0,0.9473684210526315,4.0,0.630116216216216,75.0,25.0,12.5,30.77,15.38,47.06,44.74,1.5,1.237,1.211
English Premier League,2019/20,Arsenal,38.0,14.0,13.0,11.0,7.0,6.0,1.0,2.0,5.0,5.0,22.0,56.0,56.0,48.0,1.0263157894736843,4.5,0.4824083333333333,50.0,50.0,7.14,53.85,15.38,45.45,57.89,1.474,1.474,1.263
English Premier League,2019/20,Aston Villa,38.0,11.0,13.0,14.0,6.0,1.0,4.0,1.0,1.0,2.0,15.0,35.0,41.0,67.0,1.105263157894737,4.052631578947368,0.61885,54.55,45.45,36.36,15.38,7.69,14.29,39.47,0.921,1.079,1.763
English Premier League,2019/20,Bournemouth,38.0,7.0,18.0,13.0,6.0,1.0,0.0,1.0,1.0,2.0,11.0,34.0,40.0,65.0,0.8421052631578947,3.8421052631578947,0.48224,85.71,14.29,0.0,11.11,5.56,15.38,28.95,0.895,1.053,1.711
English Premier League,2019/20,Brighton,38.0,8.0,12.0,18.0,5.0,2.0,1.0,0.0,3.0,4.0,15.0,41.0,39.0,54.0,0.868421052631579,3.1578947368421053,0.5524500000000001,62.5,37.5,12.5,25.0,0.0,22.22,39.47,1.079,1.026,1.421
English Premier League,2019/20,Burnley,38.0,8.0,13.0,17.0,5.0,3.0,0.0,1.0,2.0,9.0,19.0,54.0,43.0,50.0,1.0526315789473684,2.8684210526315788,0.5930500000000001,62.5,37.5,0.0,23.08,7.69,52.94,50.0,1.421,1.132,1.316
English Premier League,2019/20,Chelsea,38.0,18.0,10.0,10.0,13.0,5.0,0.0,2.0,0.0,5.0,16.0,66.0,69.0,54.0,0.8947368421052632,3.6578947368421053,0.5562657894736842,72.22,27.78,0.0,20.0,20.0,50.0,42.11,1.737,1.816,1.421
English Premier League,2019/20,Crystal Palace,38.0,7.0,13.0,18.0,6.0,1.0,0.0,0.0,4.0,5.0,18.0,43.0,31.0,50.0,0.8157894736842105,3.9210526315789473,0.6615749999999999,85.71,14.29,0.0,30.77,0.0,27.78,47.37,1.132,0.816,1.316
English Premier League,2019/20,Everton,38.0,12.0,7.0,19.0,9.0,2.0,1.0,0.0,0.0,4.0,14.0,49.0,44.0,56.0,0.7894736842105263,3.526315789473684,0.5297999999999999,75.0,25.0,8.33,0.0,0.0,21.05,36.84,1.289,1.158,1.474
English Premier League,2019/20,Leicester,38.0,11.0,10.0,17.0,9.0,0.0,2.0,2.0,2.0,7.0,17.0,62.0,67.0,41.0,1.368421052631579,3.0,0.6155542857142857,81.82,18.18,18.18,40.0,20.0,41.18,44.74,1.632,1.763,1.079
English Premier League,2019/20,Liverpool,38.0,24.0,5.0,9.0,23.0,1.0,0.0,2.0,1.0,7.0,12.0,99.0,85.0,33.0,1.0526315789473684,2.263157894736842,0.509718918918919,95.83,4.17,0.0,60.0,40.0,77.78,31.58,2.605,2.237,0.868
English Premier League,2019/20,Man City,38.0,21.0,8.0,9.0,19.0,1.0,1.0,1.0,1.0,6.0,12.0,81.0,102.0,35.0,1.4210526315789473,3.1052631578947367,0.545271052631579,90.48,9.52,4.76,25.0,12.5,66.67,31.58,2.132,2.684,0.921
English Premier League,2019/20,Man United,38.0,21.0,10.0,7.0,16.0,5.0,0.0,0.0,4.0,2.0,13.0,66.0,66.0,36.0,0.9473684210526315,3.973684210526316,0.4786972972972972,76.19,23.81,0.0,40.0,0.0,28.57,34.21,1.737,1.737,0.947
English Premier League,2019/20,Newcastle,38.0,6.0,11.0,21.0,4.0,1.0,1.0,0.0,1.0,7.0,15.0,44.0,38.0,58.0,0.9736842105263158,3.289473684210526,0.611764705882353,66.67,33.33,16.67,9.09,0.0,33.33,39.47,1.158,1.0,1.526
English Premier League,2019/20,Norwich,38.0,8.0,18.0,12.0,3.0,3.0,2.0,0.0,0.0,2.0,14.0,21.0,26.0,75.0,1.0526315789473684,3.3684210526315788,0.5157416666666668,37.5,62.5,25.0,0.0,0.0,16.67,36.84,0.553,0.684,1.974
English Premier League,2019/20,Sheffield United,38.0,10.0,10.0,18.0,7.0,2.0,1.0,1.0,4.0,6.0,20.0,54.0,39.0,39.0,0.9210526315789473,2.8421052631578947,0.615738888888889,70.0,30.0,10.0,50.0,10.0,33.33,52.63,1.421,1.026,1.026
English Premier League,2019/20,Southampton,38.0,11.0,14.0,13.0,9.0,0.0,2.0,2.0,3.0,4.0,16.0,52.0,51.0,60.0,1.131578947368421,3.289473684210526,0.5502921052631579,81.82,18.18,18.18,35.71,14.29,30.77,42.11,1.368,1.342,1.579
English Premier League,2019/20,Tottenham,38.0,17.0,13.0,8.0,11.0,3.0,3.0,2.0,4.0,3.0,16.0,59.0,61.0,47.0,0.7894736842105263,4.368421052631579,0.4750027777777777,64.71,35.29,17.65,46.15,15.38,37.5,42.11,1.553,1.605,1.237
English Premier League,2019/20,Watford,38.0,8.0,15.0,15.0,4.0,2.0,2.0,1.0,1.0,3.0,14.0,34.0,36.0,64.0,1.1842105263157894,3.789473684210526,0.5424088235294118,50.0,50.0,25.0,13.33,6.67,20.0,36.84,0.895,0.947,1.684
English Premier League,2019/20,West Ham,38.0,11.0,10.0,17.0,7.0,3.0,1.0,0.0,0.0,3.0,15.0,39.0,49.0,62.0,1.0526315789473684,2.8157894736842106,0.5846837837837837,63.64,36.36,9.09,0.0,0.0,17.65,39.47,1.026,1.289,1.632
English Premier League,2019/20,Wolves,38.0,7.0,17.0,14.0,7.0,0.0,0.0,4.0,5.0,4.0,14.0,59.0,51.0,40.0,0.7631578947368421,3.789473684210526,0.5864176470588236,100.0,0.0,0.0,52.94,23.53,28.57,36.84,1.553,1.342,1.053
English Premier League,2020/21,Arsenal,38.0,11.0,10.0,17.0,11.0,0.0,0.0,0.0,2.0,7.0,14.0,61.0,55.0,39.0,0.8947368421052632,3.3157894736842106,0.5095228571428572,100.0,0.0,0.0,20.0,0.0,41.18,36.84,1.605,1.447,1.026
English Premier League,2020/21,Aston Villa,38.0,15.0,8.0,15.0,11.0,0.0,4.0,0.0,1.0,5.0,14.0,55.0,55.0,46.0,0.9736842105263158,3.6578947368421053,0.5431147058823529,73.33,26.67,26.67,12.5,0.0,33.33,36.84,1.447,1.447,1.211
English Premier League,2020/21,Brighton,38.0,12.0,11.0,15.0,6.0,3.0,3.0,1.0,2.0,2.0,15.0,41.0,40.0,46.0,0.7105263157894737,2.763157894736842,0.543753125,50.0,50.0,25.0,27.27,9.09,13.33,39.47,1.079,1.053,1.211
English Premier League,2020/21,Burnley,38.0,8.0,15.0,15.0,7.0,0.0,1.0,1.0,1.0,2.0,10.0,39.0,33.0,55.0,0.7368421052631579,2.1578947368421053,0.4137294117647059,87.5,12.5,12.5,13.33,6.67,13.33,26.32,1.026,0.868,1.447
English Premier League,2020/21,Chelsea,38.0,16.0,10.0,12.0,14.0,2.0,0.0,1.0,2.0,4.0,11.0,67.0,58.0,36.0,0.868421052631579,2.8157894736842106,0.49077812500000007,87.5,12.5,0.0,30.0,10.0,33.33,28.95,1.763,1.526,0.947
English Premier League,2020/21,Crystal Palace,38.0,12.0,14.0,12.0,9.0,2.0,1.0,1.0,1.0,2.0,12.0,44.0,41.0,66.0,1.0789473684210527,2.6842105263157894,0.5139485714285714,75.0,25.0,8.33,14.29,7.14,16.67,31.58,1.158,1.079,1.737
English Premier League,2020/21,Everton,38.0,12.0,7.0,19.0,11.0,1.0,0.0,0.0,1.0,6.0,15.0,59.0,47.0,48.0,0.8157894736842105,3.3421052631578947,0.5080000000000001,91.67,8.33,0.0,14.29,0.0,31.58,39.47,1.553,1.237,1.263
English Premier League,2020/21,Fulham,38.0,6.0,14.0,18.0,3.0,3.0,0.0,0.0,2.0,2.0,15.0,28.0,27.0,53.0,0.7105263157894737,2.8684210526315788,0.5738787878787879,50.0,50.0,0.0,14.29,0.0,11.11,39.47,0.737,0.711,1.395
English Premier League,2020/21,Leeds,38.0,9.0,13.0,16.0,9.0,0.0,0.0,0.0,2.0,9.0,15.0,59.0,62.0,54.0,0.9736842105263158,2.9210526315789473,0.5127514285714286,100.0,0.0,0.0,15.38,0.0,56.25,39.47,1.553,1.632,1.421
English Premier League,2020/21,Leicester,38.0,10.0,10.0,18.0,10.0,0.0,0.0,2.0,1.0,8.0,16.0,66.0,68.0,50.0,1.0789473684210527,3.210526315789474,0.5485837837837838,100.0,0.0,0.0,30.0,20.0,44.44,42.11,1.737,1.789,1.316
English Premier League,2020/21,Liverpool,38.0,14.0,7.0,17.0,11.0,3.0,0.0,1.0,1.0,8.0,17.0,69.0,68.0,42.0,1.1578947368421053,2.5789473684210527,0.5430944444444444,78.57,21.43,0.0,28.57,14.29,47.06,44.74,1.816,1.789,1.105
English Premier League,2020/21,Man City,38.0,22.0,4.0,12.0,19.0,1.0,2.0,0.0,1.0,8.0,13.0,86.0,83.0,32.0,1.131578947368421,2.8684210526315788,0.4379702702702703,86.36,13.64,9.09,25.0,0.0,66.67,34.21,2.263,2.184,0.842
English Premier League,2020/21,Man United,38.0,9.0,9.0,20.0,7.0,2.0,0.0,5.0,0.0,9.0,18.0,74.0,73.0,44.0,1.1578947368421053,3.4210526315789473,0.5967645161290324,77.78,22.22,0.0,55.56,55.56,45.0,47.37,1.947,1.921,1.158
English Premier League,2020/21,Newcastle,38.0,7.0,15.0,16.0,7.0,0.0,0.0,1.0,4.0,4.0,16.0,45.0,46.0,62.0,1.0,3.263157894736842,0.6030472222222222,100.0,0.0,0.0,33.33,6.67,25.0,42.11,1.184,1.211,1.632
English Premier League,2020/21,Sheffield United,38.0,5.0,19.0,14.0,5.0,0.0,0.0,1.0,0.0,1.0,13.0,23.0,20.0,63.0,0.8421052631578947,3.0,0.522371052631579,100.0,0.0,0.0,5.26,5.26,7.14,34.21,0.605,0.526,1.658
English Premier League,2020/21,Southampton,38.0,14.0,13.0,11.0,9.0,2.0,3.0,0.0,1.0,3.0,13.0,43.0,47.0,68.0,1.131578947368421,2.9473684210526314,0.44731111111111116,64.29,35.71,21.43,7.69,0.0,27.27,34.21,1.132,1.237,1.789
English Premier League,2020/21,Tottenham,38.0,18.0,9.0,11.0,11.0,6.0,1.0,1.0,0.0,6.0,17.0,62.0,68.0,45.0,1.131578947368421,3.5,0.4982,61.11,38.89,5.56,11.11,11.11,54.55,44.74,1.632,1.789,1.184
English Premier League,2020/21,West Brom,38.0,6.0,18.0,14.0,4.0,1.0,1.0,1.0,4.0,0.0,15.0,26.0,35.0,76.0,1.0,2.736842105263158,0.47694000000000003,66.67,33.33,16.67,27.78,5.56,0.0,39.47,0.684,0.921,2.0
English Premier League,2020/21,West Ham,38.0,15.0,7.0,16.0,12.0,2.0,1.0,0.0,3.0,7.0,19.0,65.0,62.0,47.0,1.0526315789473684,2.6842105263157894,0.5384222222222222,80.0,20.0,6.67,42.86,0.0,43.75,50.0,1.711,1.632,1.237
English Premier League,2020/21,Wolves,38.0,6.0,14.0,18.0,3.0,2.0,1.0,2.0,1.0,7.0,18.0,45.0,36.0,52.0,0.868421052631579,3.1052631578947367,0.6042857142857142,50.0,50.0,16.67,21.43,14.29,38.89,47.37,1.184,0.947,1.368
English Premier League,2021/22,Arsenal,38.0,17.0,9.0,12.0,14.0,1.0,2.0,1.0,0.0,7.0,14.0,69.0,61.0,48.0,1.0789473684210527,3.473684210526316,0.50185,82.35,17.65,11.76,11.11,11.11,58.33,36.84,1.816,1.605,1.263
English Premier League,2021/22,Aston Villa,38.0,11.0,13.0,14.0,9.0,1.0,1.0,0.0,2.0,4.0,15.0,45.0,52.0,54.0,1.0,4.315789473684211,0.5486486486486487,81.82,18.18,9.09,15.38,0.0,28.57,39.47,1.184,1.368,1.421
English Premier League,2021/22,Brentford,38.0,7.0,16.0,15.0,7.0,0.0,0.0,2.0,1.0,4.0,12.0,46.0,48.0,56.0,0.868421052631579,3.0789473684210527,0.5252399999999999,100.0,0.0,0.0,18.75,12.5,26.67,31.58,1.211,1.263,1.474
English Premier League,2021/22,Brighton,38.0,11.0,16.0,11.0,8.0,3.0,0.0,2.0,6.0,2.0,16.0,51.0,42.0,44.0,0.9473684210526315,4.026315789473684,0.5686294117647058,72.73,27.27,0.0,50.0,12.5,18.18,42.11,1.342,1.105,1.158
English Premier League,2021/22,Burnley,38.0,7.0,18.0,13.0,3.0,3.0,1.0,2.0,4.0,2.0,16.0,35.0,34.0,53.0,0.8157894736842105,3.0,0.4893969696969698,42.86,57.14,14.29,33.33,11.11,15.38,42.11,0.921,0.895,1.395
English Premier League,2021/22,Chelsea,38.0,15.0,0.0,23.0,11.0,3.0,1.0,0.0,0.0,10.0,19.0,74.0,76.0,33.0,1.1842105263157894,3.5526315789473686,0.6348108108108108,73.33,26.67,6.67,,,43.48,50.0,1.947,2.0,0.868
English Premier League,2021/22,Crystal Palace,38.0,12.0,14.0,12.0,8.0,3.0,1.0,1.0,5.0,2.0,15.0,48.0,50.0,46.0,0.8947368421052632,3.6842105263157894,0.5411764705882353,66.67,33.33,8.33,42.86,7.14,16.67,39.47,1.263,1.316,1.211
English Premier League,2021/22,Everton,38.0,7.0,16.0,15.0,5.0,0.0,2.0,3.0,2.0,3.0,18.0,39.0,43.0,66.0,1.2894736842105263,4.0,0.5976194444444445,71.43,28.57,28.57,31.25,18.75,20.0,47.37,1.026,1.132,1.737
English Premier League,2021/22,Leeds,38.0,9.0,16.0,13.0,5.0,2.0,2.0,1.0,3.0,3.0,15.0,38.0,42.0,79.0,1.1578947368421053,4.578947368421052,0.5992111111111112,55.56,44.44,22.22,25.0,6.25,23.08,39.47,1.0,1.105,2.079
English Premier League,2021/22,Leicester,38.0,9.0,11.0,18.0,7.0,2.0,0.0,0.0,2.0,7.0,16.0,52.0,62.0,59.0,1.0,3.0,0.530327027027027,77.78,22.22,0.0,18.18,0.0,38.89,42.11,1.368,1.632,1.553
English Premier League,2021/22,Liverpool,38.0,21.0,1.0,16.0,20.0,1.0,0.0,0.0,1.0,8.0,12.0,92.0,94.0,26.0,1.1578947368421053,3.0789473684210527,0.5276342105263158,95.24,4.76,0.0,100.0,0.0,50.0,31.58,2.421,2.474,0.684
English Premier League,2021/22,Man City,38.0,22.0,5.0,11.0,21.0,1.0,0.0,2.0,2.0,6.0,13.0,93.0,99.0,26.0,1.3421052631578947,2.8684210526315788,0.58825,95.45,4.55,0.0,80.0,40.0,54.55,34.21,2.447,2.605,0.684
English Premier League,2021/22,Man United,38.0,12.0,11.0,15.0,8.0,4.0,0.0,0.0,2.0,8.0,17.0,58.0,57.0,57.0,1.0263157894736843,3.3157894736842106,0.6211729729729729,66.67,33.33,0.0,18.18,0.0,53.33,44.74,1.526,1.5,1.5
English Premier League,2021/22,Newcastle,38.0,10.0,9.0,19.0,7.0,2.0,1.0,0.0,1.0,6.0,16.0,49.0,44.0,62.0,1.0789473684210527,4.184210526315789,0.5377157894736841,70.0,30.0,10.0,11.11,0.0,31.58,42.11,1.289,1.158,1.632
English Premier League,2021/22,Norwich,38.0,5.0,19.0,14.0,3.0,2.0,0.0,0.0,0.0,2.0,11.0,22.0,23.0,84.0,1.263157894736842,3.0789473684210527,0.593764705882353,60.0,40.0,0.0,0.0,0.0,14.29,28.95,0.579,0.605,2.211
English Premier League,2021/22,Southampton,38.0,13.0,12.0,13.0,6.0,5.0,2.0,0.0,3.0,3.0,18.0,40.0,43.0,67.0,0.9473684210526315,3.3421052631578947,0.46434722222222224,46.15,53.85,15.38,25.0,0.0,23.08,47.37,1.053,1.132,1.763
English Premier League,2021/22,Tottenham,38.0,16.0,5.0,17.0,16.0,0.0,0.0,1.0,0.0,5.0,13.0,71.0,69.0,40.0,1.131578947368421,3.9210526315789473,0.559725,100.0,0.0,0.0,20.0,20.0,29.41,34.21,1.868,1.816,1.053
English Premier League,2021/22,Watford,38.0,5.0,20.0,13.0,3.0,0.0,2.0,0.0,1.0,3.0,12.0,23.0,34.0,77.0,1.0263157894736843,3.236842105263158,0.5227914285714286,60.0,40.0,40.0,5.0,0.0,23.08,31.58,0.605,0.895,2.026
English Premier League,2021/22,West Ham,38.0,11.0,10.0,17.0,7.0,3.0,1.0,3.0,1.0,6.0,21.0,56.0,60.0,51.0,1.0789473684210527,2.6052631578947367,0.6259277777777777,63.64,36.36,9.09,40.0,30.0,35.29,55.26,1.474,1.579,1.342
English Premier League,2021/22,Wolves,38.0,9.0,8.0,21.0,6.0,1.0,2.0,0.0,1.0,9.0,21.0,51.0,38.0,43.0,0.9210526315789473,3.8684210526315788,0.6028542857142857,66.67,33.33,22.22,12.5,0.0,42.86,55.26,1.342,1.0,1.132
English Premier League,2022/23,Arsenal,38.0,20.0,7.0,11.0,17.0,3.0,0.0,3.0,1.0,6.0,16.0,84.0,88.0,43.0,1.1578947368421053,3.526315789473684,0.5653162162162162,85.0,15.0,0.0,57.14,42.86,54.55,42.11,2.211,2.316,1.132
English Premier League,2022/23,Aston Villa,38.0,14.0,11.0,13.0,12.0,1.0,1.0,0.0,1.0,6.0,11.0,61.0,51.0,46.0,0.868421052631579,4.2631578947368425,0.4864918918918919,85.71,14.29,7.14,9.09,0.0,46.15,28.95,1.605,1.342,1.211
English Premier League,2022/23,Bournemouth,38.0,10.0,18.0,10.0,5.0,2.0,3.0,3.0,0.0,3.0,14.0,39.0,37.0,71.0,1.0789473684210527,3.1315789473684212,0.4777555555555556,50.0,50.0,30.0,16.67,16.67,30.0,36.84,1.026,0.974,1.868
English Premier League,2022/23,Brentford,38.0,13.0,12.0,13.0,10.0,2.0,1.0,2.0,2.0,3.0,10.0,59.0,58.0,46.0,0.6842105263157895,3.0789473684210527,0.5115628571428572,76.92,23.08,7.69,33.33,16.67,23.08,26.32,1.553,1.526,1.211
English Premier League,2022/23,Brighton,38.0,11.0,7.0,20.0,10.0,1.0,0.0,0.0,0.0,8.0,14.0,62.0,72.0,53.0,0.8947368421052632,4.0,0.537363888888889,90.91,9.09,0.0,0.0,0.0,40.0,36.84,1.632,1.895,1.395
English Premier League,2022/23,Chelsea,38.0,7.0,12.0,19.0,5.0,2.0,0.0,0.0,1.0,6.0,14.0,44.0,38.0,47.0,0.6578947368421053,3.8684210526315788,0.5245088235294117,71.43,28.57,0.0,8.33,0.0,31.58,36.84,1.158,1.0,1.237
English Premier League,2022/23,Crystal Palace,38.0,6.0,12.0,20.0,4.0,1.0,1.0,1.0,2.0,6.0,16.0,45.0,40.0,49.0,0.9473684210526315,4.342105263157895,0.5722969696969696,66.67,33.33,16.67,25.0,8.33,30.0,42.11,1.184,1.053,1.289
English Premier League,2022/23,Everton,38.0,7.0,16.0,15.0,3.0,3.0,1.0,0.0,3.0,5.0,16.0,36.0,34.0,57.0,0.8947368421052632,4.157894736842105,0.5742857142857143,42.86,57.14,14.29,18.75,0.0,33.33,42.11,0.947,0.895,1.5
English Premier League,2022/23,Fulham,38.0,10.0,12.0,16.0,8.0,1.0,1.0,1.0,2.0,6.0,17.0,52.0,55.0,53.0,0.7368421052631579,3.710526315789474,0.5216714285714286,80.0,20.0,10.0,25.0,8.33,37.5,44.74,1.368,1.447,1.395
English Premier League,2022/23,Leeds,38.0,6.0,13.0,19.0,3.0,2.0,1.0,1.0,1.0,3.0,17.0,31.0,48.0,78.0,1.0263157894736843,4.026315789473684,0.5817628571428572,50.0,50.0,16.67,15.38,7.69,15.79,44.74,0.816,1.263,2.053
English Premier League,2022/23,Leicester,38.0,11.0,14.0,13.0,8.0,2.0,1.0,0.0,2.0,1.0,15.0,34.0,51.0,68.0,0.9210526315789473,3.210526315789474,0.4538055555555556,72.73,27.27,9.09,14.29,0.0,7.69,39.47,0.895,1.342,1.789
English Premier League,2022/23,Liverpool,38.0,14.0,11.0,13.0,14.0,0.0,0.0,1.0,5.0,4.0,14.0,67.0,75.0,47.0,1.0,3.1052631578947367,0.46895,100.0,0.0,0.0,54.55,9.09,30.77,36.84,1.763,1.974,1.237
English Premier League,2022/23,Man City,38.0,21.0,4.0,13.0,19.0,2.0,0.0,2.0,1.0,7.0,16.0,89.0,94.0,33.0,1.236842105263158,3.263157894736842,0.5426894736842106,90.48,9.52,0.0,75.0,50.0,53.85,42.11,2.342,2.474,0.868
English Premier League,2022/23,Man United,38.0,19.0,7.0,12.0,17.0,2.0,0.0,0.0,1.0,6.0,12.0,75.0,58.0,43.0,0.9210526315789473,3.3947368421052633,0.5332250000000001,89.47,10.53,0.0,14.29,0.0,50.0,31.58,1.974,1.526,1.132
English Premier League,2022/23,Newcastle,38.0,14.0,7.0,17.0,12.0,1.0,1.0,2.0,1.0,5.0,10.0,71.0,68.0,33.0,0.8947368421052632,3.6578947368421053,0.5285741935483871,85.71,14.29,7.14,42.86,28.57,29.41,26.32,1.868,1.789,0.868
English Premier League,2022/23,Nott'm Forest,38.0,11.0,13.0,14.0,5.0,3.0,3.0,0.0,4.0,4.0,20.0,38.0,38.0,68.0,1.1578947368421053,3.9210526315789473,0.5462675675675674,45.45,54.55,27.27,30.77,0.0,28.57,52.63,1.0,1.0,1.789
English Premier League,2022/23,Southampton,38.0,8.0,19.0,11.0,4.0,2.0,2.0,1.0,2.0,1.0,15.0,25.0,36.0,73.0,0.8421052631578947,3.5526315789473686,0.5228459459459459,50.0,50.0,25.0,15.79,5.26,9.09,39.47,0.658,0.947,1.921
English Premier League,2022/23,Tottenham,38.0,13.0,12.0,13.0,9.0,2.0,2.0,2.0,3.0,7.0,21.0,60.0,70.0,63.0,1.3157894736842106,4.131578947368421,0.5833947368421052,69.23,30.77,15.38,41.67,16.67,53.85,55.26,1.579,1.842,1.658
English Premier League,2022/23,West Ham,38.0,8.0,15.0,15.0,7.0,0.0,1.0,0.0,3.0,4.0,15.0,40.0,42.0,55.0,0.9736842105263158,2.5789473684210527,0.4241842105263158,87.5,12.5,12.5,20.0,0.0,26.67,39.47,1.053,1.105,1.447
English Premier League,2022/23,Wolves,38.0,11.0,12.0,15.0,6.0,4.0,1.0,1.0,1.0,4.0,19.0,41.0,31.0,58.0,1.0526315789473684,4.2894736842105265,0.57685,54.55,45.45,9.09,16.67,8.33,26.67,50.0,1.079,0.816,1.526
English Premier League,2023/24,Arsenal,38.0,18.0,4.0,16.0,18.0,0.0,0.0,0.0,2.0,10.0,15.0,89.0,91.0,29.0,1.3157894736842106,3.763157894736842,0.5708459459459458,100.0,0.0,0.0,50.0,0.0,62.5,39.47,2.342,2.395,0.763
English Premier League,2023/24,Aston Villa,38.0,16.0,10.0,12.0,13.0,2.0,1.0,1.0,2.0,6.0,14.0,68.0,76.0,61.0,1.1578947368421053,4.973684210526316,0.6149918918918919,81.25,18.75,6.25,30.0,10.0,50.0,36.84,1.789,2.0,1.605
English Premier League,2023/24,Bournemouth,38.0,10.0,12.0,16.0,7.0,2.0,1.0,1.0,1.0,5.0,15.0,48.0,54.0,67.0,1.131578947368421,4.342105263157895,0.602962162162162,70.0,30.0,10.0,16.67,8.33,31.25,39.47,1.263,1.421,1.763
English Premier League,2023/24,Brentford,38.0,8.0,11.0,19.0,4.0,1.0,3.0,1.0,2.0,5.0,20.0,39.0,56.0,65.0,1.1578947368421053,4.2894736842105265,0.6518555555555555,50.0,50.0,37.5,27.27,9.09,26.32,52.63,1.026,1.474,1.711
English Premier League,2023/24,Brighton,38.0,12.0,14.0,12.0,9.0,2.0,1.0,0.0,4.0,3.0,13.0,48.0,55.0,62.0,0.9736842105263158,5.0,0.5610885714285714,75.0,25.0,8.33,28.57,0.0,25.0,34.21,1.263,1.447,1.632
English Premier League,2023/24,Burnley,38.0,8.0,20.0,10.0,4.0,4.0,0.0,0.0,2.0,1.0,13.0,24.0,41.0,78.0,1.0263157894736843,4.2894736842105265,0.5159131578947369,50.0,50.0,0.0,10.0,0.0,10.0,34.21,0.632,1.079,2.053
English Premier League,2023/24,Chelsea,38.0,14.0,5.0,19.0,10.0,4.0,0.0,1.0,1.0,7.0,21.0,63.0,77.0,63.0,1.263157894736842,5.368421052631579,0.5872594594594595,71.43,28.57,0.0,40.0,20.0,36.84,55.26,1.658,2.026,1.658
English Premier League,2023/24,Crystal Palace,38.0,12.0,7.0,19.0,8.0,3.0,1.0,0.0,3.0,5.0,22.0,49.0,57.0,58.0,1.105263157894737,3.9210526315789473,0.6440472222222221,66.67,33.33,8.33,42.86,0.0,26.32,57.89,1.289,1.5,1.526
English Premier League,2023/24,Everton,38.0,8.0,10.0,20.0,6.0,1.0,1.0,0.0,3.0,7.0,20.0,48.0,40.0,51.0,1.0789473684210527,3.763157894736842,0.5976833333333335,75.0,25.0,12.5,30.0,0.0,35.0,52.63,1.263,1.053,1.342
English Premier League,2023/24,Fulham,38.0,9.0,11.0,18.0,7.0,2.0,0.0,0.0,1.0,6.0,16.0,47.0,55.0,61.0,1.1578947368421053,3.8157894736842106,0.6460571428571428,77.78,22.22,0.0,9.09,0.0,33.33,42.11,1.237,1.447,1.605
English Premier League,2023/24,Liverpool,38.0,14.0,8.0,16.0,11.0,3.0,0.0,3.0,3.0,10.0,21.0,82.0,86.0,41.0,1.263157894736842,4.342105263157895,0.5530243243243244,78.57,21.43,0.0,75.0,37.5,62.5,55.26,2.158,2.263,1.079
English Premier League,2023/24,Luton,38.0,9.0,18.0,11.0,4.0,0.0,5.0,0.0,3.0,2.0,14.0,26.0,52.0,85.0,1.0263157894736843,3.763157894736842,0.6313947368421053,44.44,55.56,55.56,16.67,0.0,18.18,36.84,0.684,1.368,2.237
English Premier League,2023/24,Man City,38.0,21.0,7.0,10.0,17.0,4.0,0.0,5.0,1.0,6.0,18.0,91.0,96.0,34.0,1.368421052631579,3.8157894736842106,0.575354054054054,80.95,19.05,0.0,85.71,71.43,60.0,47.37,2.395,2.526,0.895
English Premier League,2023/24,Man United,38.0,10.0,11.0,17.0,8.0,1.0,1.0,3.0,2.0,7.0,21.0,60.0,57.0,58.0,1.1578947368421053,4.368421052631579,0.622335135135135,80.0,20.0,10.0,45.45,27.27,41.18,55.26,1.579,1.5,1.526
English Premier League,2023/24,Newcastle,38.0,13.0,8.0,17.0,9.0,2.0,2.0,1.0,1.0,8.0,20.0,60.0,85.0,62.0,1.394736842105263,4.578947368421052,0.6069236842105262,69.23,30.77,15.38,25.0,12.5,47.06,52.63,1.579,2.237,1.632
English Premier League,2023/24,Nott'm Forest,38.0,7.0,12.0,19.0,5.0,1.0,1.0,0.0,2.0,4.0,17.0,36.0,49.0,67.0,0.868421052631579,4.2105263157894735,0.5310783783783785,71.43,28.57,14.29,16.67,0.0,21.05,44.74,0.947,1.289,1.763
English Premier League,2023/24,Sheffield United,38.0,4.0,18.0,16.0,2.0,2.0,0.0,0.0,1.0,1.0,15.0,16.0,35.0,104.0,1.2105263157894737,3.973684210526316,0.5879421052631578,50.0,50.0,0.0,5.56,0.0,6.25,39.47,0.421,0.921,2.737
English Premier League,2023/24,Tottenham,38.0,11.0,12.0,15.0,8.0,1.0,2.0,3.0,2.0,9.0,20.0,66.0,74.0,61.0,1.3421052631578947,5.052631578947368,0.5935499999999999,72.73,27.27,18.18,41.67,25.0,60.0,52.63,1.737,1.947,1.605
English Premier League,2023/24,West Ham,38.0,13.0,14.0,11.0,6.0,4.0,3.0,3.0,2.0,5.0,19.0,52.0,60.0,74.0,1.2894736842105263,3.9473684210526314,0.5754189189189188,46.15,53.85,23.08,35.71,21.43,45.45,50.0,1.368,1.579,1.947
English Premier League,2023/24,Wolves,38.0,10.0,15.0,13.0,8.0,0.0,2.0,2.0,1.0,3.0,12.0,46.0,50.0,65.0,0.8157894736842105,4.894736842105263,0.5535432432432432,80.0,20.0,20.0,20.0,13.33,23.08,31.58,1.211,1.316,1.711
English Premier League,2024/25,Arsenal,38.0,20.0,5.0,13.0,12.0,7.0,1.0,0.0,3.0,8.0,20.0,74.0,69.0,34.0,1.0,4.026315789473684,0.5694472222222221,60.0,40.0,5.0,60.0,0.0,61.54,52.63,1.947,1.816,0.895
English Premier League,2024/25,Aston Villa,38.0,11.0,10.0,17.0,7.0,3.0,1.0,3.0,2.0,9.0,22.0,66.0,58.0,51.0,1.263157894736842,4.7105263157894735,0.6108108108108109,63.64,36.36,9.09,50.0,30.0,52.94,57.89,1.737,1.526,1.342
English Premier League,2024/25,Bournemouth,38.0,13.0,14.0,11.0,9.0,4.0,0.0,2.0,3.0,4.0,16.0,56.0,58.0,46.0,0.7894736842105263,5.052631578947368,0.5662083333333333,69.23,30.77,0.0,35.71,14.29,36.36,42.11,1.474,1.526,1.211
English Premier League,2024/25,Brentford,38.0,16.0,8.0,14.0,10.0,3.0,3.0,0.0,0.0,6.0,15.0,56.0,66.0,57.0,0.9210526315789473,3.789473684210526,0.5261942857142857,62.5,37.5,18.75,0.0,0.0,42.86,39.47,1.474,1.737,1.5
English Premier League,2024/25,Brighton,38.0,15.0,12.0,11.0,9.0,5.0,1.0,4.0,3.0,3.0,19.0,61.0,66.0,59.0,1.1578947368421053,4.342105263157895,0.5510611111111111,60.0,40.0,6.67,58.33,33.33,27.27,50.0,1.605,1.737,1.553
English Premier League,2024/25,Chelsea,38.0,14.0,10.0,14.0,9.0,3.0,2.0,3.0,1.0,8.0,18.0,69.0,64.0,43.0,1.0263157894736843,5.2105263157894735,0.5876333333333333,64.29,35.71,14.29,40.0,30.0,57.14,47.37,1.816,1.684,1.132
English Premier League,2024/25,Crystal Palace,38.0,9.0,11.0,18.0,6.0,2.0,1.0,0.0,5.0,7.0,19.0,53.0,51.0,51.0,0.9210526315789473,4.184210526315789,0.6193885714285715,66.67,33.33,11.11,45.45,0.0,38.89,50.0,1.395,1.342,1.342
English Premier League,2024/25,Everton,38.0,11.0,8.0,19.0,7.0,3.0,1.0,1.0,2.0,3.0,16.0,48.0,42.0,44.0,0.868421052631579,3.3684210526315788,0.5545484848484848,63.64,36.36,9.09,37.5,12.5,15.79,42.11,1.263,1.105,1.158
English Premier League,2024/25,Fulham,38.0,9.0,12.0,17.0,4.0,4.0,1.0,5.0,1.0,6.0,24.0,54.0,54.0,54.0,1.105263157894737,3.9473684210526314,0.587389189189189,44.44,55.56,11.11,50.0,41.67,35.29,63.16,1.421,1.421,1.421
English Premier League,2024/25,Ipswich,38.0,8.0,17.0,13.0,4.0,2.0,2.0,0.0,3.0,0.0,15.0,22.0,36.0,82.0,1.0,4.052631578947368,0.5075324324324324,50.0,50.0,25.0,17.65,0.0,0.0,39.47,0.579,0.947,2.158
English Premier League,2024/25,Leicester,38.0,5.0,20.0,13.0,4.0,1.0,0.0,2.0,3.0,0.0,16.0,25.0,33.0,80.0,1.0263157894736843,3.789473684210526,0.5517578947368421,80.0,20.0,0.0,25.0,10.0,0.0,42.11,0.658,0.868,2.105
English Premier League,2024/25,Liverpool,38.0,19.0,10.0,9.0,17.0,1.0,1.0,2.0,6.0,6.0,17.0,84.0,86.0,41.0,1.0263157894736843,3.9210526315789473,0.5475157894736842,89.47,10.53,5.26,80.0,20.0,66.67,44.74,2.211,2.263,1.079
English Premier League,2024/25,Man City,38.0,19.0,7.0,12.0,15.0,2.0,2.0,0.0,1.0,6.0,12.0,71.0,72.0,44.0,0.9210526315789473,3.8684210526315788,0.4257944444444444,78.95,21.05,10.53,14.29,0.0,50.0,31.58,1.868,1.895,1.158
English Premier League,2024/25,Man United,38.0,5.0,14.0,19.0,4.0,1.0,0.0,3.0,2.0,4.0,19.0,42.0,44.0,54.0,1.131578947368421,4.2105263157894735,0.6206142857142858,80.0,20.0,0.0,35.71,21.43,21.05,50.0,1.105,1.158,1.421
English Premier League,2024/25,Newcastle,38.0,18.0,11.0,9.0,16.0,1.0,1.0,2.0,3.0,2.0,14.0,66.0,68.0,47.0,1.131578947368421,4.394736842105263,0.4865540540540541,88.89,11.11,5.56,45.45,18.18,22.22,36.84,1.737,1.789,1.237
English Premier League,2024/25,Nott'm Forest,38.0,14.0,7.0,17.0,11.0,2.0,1.0,0.0,1.0,8.0,16.0,65.0,58.0,46.0,1.131578947368421,4.973684210526316,0.6033432432432433,78.57,21.43,7.14,14.29,0.0,47.06,42.11,1.711,1.526,1.211
English Premier League,2024/25,Southampton,38.0,6.0,21.0,11.0,0.0,2.0,4.0,0.0,1.0,2.0,15.0,12.0,26.0,86.0,1.105263157894737,3.8684210526315788,0.5134249999999999,0.0,100.0,66.67,4.76,0.0,18.18,39.47,0.316,0.684,2.263
English Premier League,2024/25,Tottenham,38.0,15.0,16.0,7.0,9.0,2.0,4.0,1.0,1.0,1.0,13.0,38.0,64.0,65.0,1.1842105263157894,4.157894736842105,0.4643078947368421,60.0,40.0,26.67,12.5,6.25,14.29,34.21,1.0,1.684,1.711
English Premier League,2024/25,West Ham,38.0,8.0,16.0,14.0,7.0,0.0,1.0,0.0,4.0,4.0,13.0,43.0,46.0,62.0,0.8421052631578947,3.6315789473684212,0.5873891891891891,87.5,12.5,12.5,25.0,0.0,28.57,34.21,1.132,1.211,1.632
English Premier League,2024/25,Wolves,38.0,10.0,16.0,12.0,8.0,0.0,2.0,1.0,3.0,3.0,15.0,42.0,54.0,69.0,1.0263157894736843,4.2368421052631575,0.5026342105263157,80.0,20.0,20.0,25.0,6.25,25.0,39.47,1.105,1.421,1.816
French Ligue 1,2015/16,Ajaccio GFCO,38.0,9.0,16.0,13.0,6.0,3.0,0.0,0.0,2.0,2.0,10.0,37.0,37.0,58.0,0.7105263157894737,4.026315789473684,0.43619142857142856,66.67,33.33,0.0,12.5,0.0,15.38,26.32,0.974,0.974,1.526
French Ligue 1,2015/16,Angers,38.0,14.0,8.0,16.0,10.0,1.0,3.0,0.0,1.0,3.0,12.0,50.0,40.0,38.0,0.8157894736842105,4.184210526315789,0.5038900000000001,71.43,28.57,21.43,12.5,0.0,18.75,31.58,1.316,1.053,1.0
French Ligue 1,2015/16,Bastia,38.0,9.0,9.0,20.0,7.0,2.0,0.0,1.0,0.0,6.0,17.0,50.0,36.0,42.0,0.8421052631578947,4.578947368421052,0.6308823529411764,77.78,22.22,0.0,11.11,11.11,30.0,44.74,1.316,0.947,1.105
French Ligue 1,2015/16,Bordeaux,38.0,13.0,11.0,14.0,9.0,2.0,2.0,0.0,3.0,3.0,12.0,50.0,50.0,57.0,1.0263157894736843,4.2105263157894735,0.6300441176470589,69.23,30.77,15.38,27.27,0.0,21.43,31.58,1.316,1.316,1.5
French Ligue 1,2015/16,Caen,38.0,8.0,13.0,17.0,7.0,1.0,0.0,0.0,0.0,9.0,13.0,54.0,39.0,52.0,0.7631578947368421,3.3947368421052633,0.6004611111111111,87.5,12.5,0.0,0.0,0.0,52.94,34.21,1.421,1.026,1.368
French Ligue 1,2015/16,Guingamp,38.0,8.0,8.0,22.0,4.0,2.0,2.0,0.0,2.0,7.0,21.0,44.0,47.0,56.0,1.105263157894737,4.473684210526316,0.6589617647058824,50.0,50.0,25.0,25.0,0.0,31.82,55.26,1.158,1.237,1.474
French Ligue 1,2015/16,Lille,38.0,13.0,4.0,21.0,10.0,2.0,1.0,0.0,1.0,5.0,13.0,60.0,39.0,27.0,0.6842105263157895,4.842105263157895,0.5983935483870968,76.92,23.08,7.69,25.0,0.0,23.81,34.21,1.579,1.026,0.711
French Ligue 1,2015/16,Lorient,38.0,9.0,15.0,14.0,7.0,2.0,0.0,4.0,3.0,0.0,15.0,46.0,47.0,58.0,0.9473684210526315,3.5789473684210527,0.5148441176470588,77.78,22.22,0.0,46.67,26.67,0.0,39.47,1.211,1.237,1.526
French Ligue 1,2015/16,Lyon,38.0,16.0,10.0,12.0,14.0,2.0,0.0,0.0,2.0,5.0,12.0,65.0,67.0,43.0,1.105263157894737,4.578947368421052,0.5691171428571429,87.5,12.5,0.0,20.0,0.0,41.67,31.58,1.711,1.763,1.132
French Ligue 1,2015/16,Marseille,38.0,8.0,12.0,18.0,7.0,1.0,0.0,0.0,6.0,3.0,14.0,48.0,48.0,42.0,0.6578947368421053,3.973684210526316,0.6035722222222222,87.5,12.5,0.0,50.0,0.0,16.67,36.84,1.263,1.263,1.105
French Ligue 1,2015/16,Monaco,38.0,14.0,11.0,13.0,9.0,5.0,0.0,2.0,3.0,6.0,17.0,65.0,57.0,50.0,0.9210526315789473,4.2631578947368425,0.5672114285714286,64.29,35.71,0.0,45.45,18.18,46.15,44.74,1.711,1.5,1.316
French Ligue 1,2015/16,Montpellier,38.0,12.0,9.0,17.0,9.0,2.0,1.0,1.0,0.0,4.0,16.0,49.0,49.0,47.0,1.0,4.026315789473684,0.5738114285714286,75.0,25.0,8.33,11.11,11.11,23.53,42.11,1.289,1.289,1.237
French Ligue 1,2015/16,Nantes,38.0,9.0,11.0,18.0,6.0,2.0,1.0,0.0,1.0,6.0,13.0,48.0,33.0,44.0,0.9210526315789473,4.157894736842105,0.5887096774193549,66.67,33.33,11.11,9.09,0.0,33.33,34.21,1.263,0.868,1.158
French Ligue 1,2015/16,Nice,38.0,16.0,8.0,14.0,12.0,3.0,1.0,1.0,2.0,5.0,17.0,63.0,58.0,41.0,1.0789473684210527,4.2631578947368425,0.5129914285714284,75.0,25.0,6.25,37.5,12.5,35.71,44.74,1.658,1.526,1.079
French Ligue 1,2015/16,Paris SG,38.0,19.0,2.0,17.0,18.0,1.0,0.0,1.0,0.0,11.0,14.0,96.0,102.0,19.0,1.6578947368421053,2.6842105263157894,0.6409514285714285,94.74,5.26,0.0,50.0,50.0,64.71,36.84,2.526,2.684,0.5
French Ligue 1,2015/16,Reims,38.0,9.0,15.0,14.0,6.0,2.0,1.0,1.0,4.0,3.0,19.0,39.0,44.0,57.0,0.9473684210526315,4.5,0.5991000000000001,66.67,33.33,11.11,33.33,6.67,21.43,50.0,1.026,1.158,1.5
French Ligue 1,2015/16,Rennes,38.0,9.0,11.0,18.0,5.0,3.0,1.0,0.0,6.0,8.0,24.0,52.0,52.0,54.0,1.1578947368421053,3.789473684210526,0.6669815789473684,55.56,44.44,11.11,54.55,0.0,44.44,63.16,1.368,1.368,1.421
French Ligue 1,2015/16,St Etienne,38.0,6.0,7.0,25.0,6.0,0.0,0.0,0.0,1.0,11.0,20.0,58.0,42.0,37.0,1.0526315789473684,3.8947368421052633,0.7287027777777778,100.0,0.0,0.0,14.29,0.0,44.0,52.63,1.526,1.105,0.974
French Ligue 1,2015/16,Toulouse,38.0,9.0,11.0,18.0,4.0,4.0,1.0,2.0,1.0,3.0,18.0,40.0,45.0,55.0,1.131578947368421,4.315789473684211,0.66065,44.44,55.56,11.11,27.27,18.18,16.67,47.37,1.053,1.184,1.447
French Ligue 1,2015/16,Troyes,38.0,3.0,22.0,13.0,1.0,2.0,0.0,1.0,4.0,1.0,17.0,18.0,28.0,83.0,1.263157894736842,3.5789473684210527,0.5990485714285714,33.33,66.67,0.0,22.73,4.55,7.69,44.74,0.474,0.737,2.184
French Ligue 1,2016/17,Angers,38.0,9.0,12.0,17.0,7.0,0.0,2.0,0.0,1.0,6.0,14.0,46.0,40.0,49.0,0.9473684210526315,3.263157894736842,0.55,77.78,22.22,22.22,8.33,0.0,35.29,36.84,1.211,1.053,1.289
French Ligue 1,2016/17,Bastia,37.0,5.0,8.0,24.0,3.0,2.0,0.0,0.0,1.0,5.0,20.0,34.0,29.0,54.0,1.054054054054054,4.054054054054054,0.7058823529411765,60.0,40.0,0.0,12.5,0.0,20.83,54.05,0.919,0.784,1.459
French Ligue 1,2016/17,Bordeaux,38.0,14.0,10.0,14.0,10.0,4.0,0.0,1.0,1.0,4.0,11.0,59.0,53.0,43.0,0.7631578947368421,3.9210526315789473,0.5343147058823529,71.43,28.57,0.0,20.0,10.0,28.57,28.95,1.553,1.395,1.132
French Ligue 1,2016/17,Caen,38.0,6.0,13.0,19.0,4.0,2.0,0.0,0.0,1.0,6.0,18.0,37.0,36.0,65.0,0.9473684210526315,3.6052631578947367,0.585135135135135,66.67,33.33,0.0,7.69,0.0,31.58,47.37,0.974,0.947,1.711
French Ligue 1,2016/17,Dijon,38.0,11.0,6.0,21.0,4.0,5.0,2.0,0.0,3.0,4.0,26.0,37.0,46.0,58.0,1.1842105263157894,3.473684210526316,0.6388848484848484,36.36,63.64,18.18,50.0,0.0,19.05,68.42,0.974,1.211,1.526
French Ligue 1,2016/17,Guingamp,38.0,9.0,12.0,17.0,6.0,2.0,1.0,1.0,3.0,7.0,21.0,50.0,46.0,53.0,1.236842105263158,3.236842105263158,0.6614026315789474,66.67,33.33,11.11,33.33,8.33,41.18,55.26,1.316,1.211,1.395
French Ligue 1,2016/17,Lille,38.0,8.0,12.0,18.0,7.0,0.0,1.0,1.0,3.0,5.0,19.0,46.0,40.0,47.0,0.8947368421052632,3.4210526315789473,0.6057142857142856,87.5,12.5,12.5,33.33,8.33,27.78,50.0,1.211,1.053,1.237
French Ligue 1,2016/17,Lorient,38.0,3.0,20.0,15.0,2.0,1.0,0.0,2.0,2.0,6.0,17.0,36.0,44.0,70.0,1.0263157894736843,3.5789473684210527,0.5890394736842105,66.67,33.33,0.0,20.0,10.0,40.0,44.74,0.947,1.158,1.842
French Ligue 1,2016/17,Lyon,37.0,17.0,9.0,11.0,16.0,0.0,1.0,1.0,1.0,3.0,11.0,64.0,77.0,48.0,1.2432432432432432,4.324324324324325,0.5041666666666668,94.12,5.88,5.88,22.22,11.11,27.27,29.73,1.73,2.081,1.297
French Ligue 1,2016/17,Marseille,38.0,11.0,9.0,18.0,11.0,0.0,0.0,0.0,2.0,6.0,11.0,62.0,57.0,41.0,0.7894736842105263,3.026315789473684,0.6144466666666666,100.0,0.0,0.0,22.22,0.0,33.33,28.95,1.632,1.5,1.079
French Ligue 1,2016/17,Metz,38.0,9.0,15.0,14.0,6.0,3.0,0.0,1.0,1.0,4.0,13.0,43.0,39.0,72.0,1.2105263157894737,3.5789473684210527,0.6025200000000001,66.67,33.33,0.0,13.33,6.67,28.57,34.21,1.132,1.026,1.895
French Ligue 1,2016/17,Monaco,38.0,23.0,5.0,10.0,21.0,1.0,1.0,1.0,2.0,8.0,13.0,95.0,107.0,31.0,1.5526315789473684,3.1842105263157894,0.5974947368421053,91.3,8.7,4.35,60.0,20.0,80.0,34.21,2.5,2.816,0.816
French Ligue 1,2016/17,Montpellier,38.0,10.0,17.0,11.0,6.0,2.0,2.0,1.0,3.0,3.0,15.0,39.0,48.0,66.0,1.0526315789473684,2.9473684210526314,0.46486486486486495,60.0,40.0,20.0,23.53,5.88,27.27,39.47,1.026,1.263,1.737
French Ligue 1,2016/17,Nancy,38.0,9.0,9.0,20.0,6.0,1.0,2.0,0.0,0.0,3.0,16.0,35.0,29.0,52.0,1.1842105263157894,3.6842105263157894,0.6595939393939395,66.67,33.33,22.22,0.0,0.0,15.0,42.11,0.921,0.763,1.368
French Ligue 1,2016/17,Nantes,38.0,12.0,11.0,15.0,8.0,2.0,2.0,0.0,1.0,6.0,14.0,51.0,40.0,54.0,0.868421052631579,3.789473684210526,0.5504638888888889,66.67,33.33,16.67,9.09,0.0,40.0,36.84,1.342,1.053,1.421
French Ligue 1,2016/17,Nice,38.0,16.0,6.0,16.0,14.0,2.0,0.0,1.0,2.0,7.0,13.0,78.0,63.0,36.0,0.7105263157894737,3.8157894736842106,0.4870388888888888,87.5,12.5,0.0,50.0,16.67,43.75,34.21,2.053,1.658,0.947
French Ligue 1,2016/17,Paris SG,38.0,21.0,4.0,13.0,20.0,1.0,0.0,0.0,1.0,7.0,11.0,87.0,83.0,27.0,1.2105263157894737,2.8684210526315788,0.6152777777777779,95.24,4.76,0.0,25.0,0.0,53.85,28.95,2.289,2.184,0.711
French Ligue 1,2016/17,Rennes,38.0,8.0,13.0,17.0,4.0,4.0,0.0,1.0,5.0,7.0,22.0,50.0,36.0,42.0,0.9210526315789473,3.210526315789474,0.599075,50.0,50.0,0.0,46.15,7.69,41.18,57.89,1.316,0.947,1.105
French Ligue 1,2016/17,St Etienne,38.0,6.0,15.0,17.0,4.0,1.0,1.0,3.0,3.0,5.0,15.0,50.0,41.0,42.0,0.9473684210526315,3.5789473684210527,0.593234375,66.67,33.33,16.67,40.0,20.0,29.41,39.47,1.316,1.079,1.105
French Ligue 1,2016/17,Toulouse,38.0,9.0,10.0,19.0,5.0,4.0,0.0,1.0,1.0,4.0,16.0,44.0,37.0,41.0,0.8421052631578947,4.657894736842105,0.5866666666666667,55.56,44.44,0.0,20.0,10.0,21.05,42.11,1.158,0.974,1.079
French Ligue 1,2017/18,Amiens,38.0,12.0,11.0,15.0,8.0,3.0,1.0,0.0,2.0,4.0,17.0,45.0,37.0,42.0,0.9473684210526315,3.5789473684210527,0.5675916666666666,66.67,33.33,8.33,18.18,0.0,26.67,44.74,1.184,0.974,1.105
French Ligue 1,2017/18,Angers,38.0,9.0,14.0,15.0,5.0,3.0,1.0,1.0,4.0,3.0,17.0,41.0,42.0,52.0,0.8947368421052632,4.394736842105263,0.5355837837837837,55.56,44.44,11.11,35.71,7.14,20.0,44.74,1.079,1.105,1.368
French Ligue 1,2017/18,Bordeaux,38.0,16.0,8.0,14.0,14.0,1.0,1.0,0.0,2.0,2.0,14.0,55.0,53.0,48.0,0.7894736842105263,4.0,0.49523714285714276,87.5,12.5,6.25,25.0,0.0,14.29,36.84,1.447,1.395,1.263
French Ligue 1,2017/18,Caen,38.0,5.0,13.0,20.0,5.0,0.0,0.0,0.0,2.0,5.0,16.0,38.0,27.0,52.0,0.8421052631578947,3.8684210526315788,0.587369696969697,100.0,0.0,0.0,15.38,0.0,25.0,42.11,1.0,0.711,1.368
French Ligue 1,2017/18,Dijon,38.0,10.0,12.0,16.0,8.0,2.0,0.0,1.0,3.0,4.0,18.0,48.0,55.0,73.0,1.0263157894736843,3.6052631578947367,0.5251594594594595,80.0,20.0,0.0,33.33,8.33,25.0,47.37,1.263,1.447,1.921
French Ligue 1,2017/18,Guingamp,38.0,7.0,11.0,20.0,5.0,2.0,0.0,0.0,1.0,7.0,15.0,47.0,48.0,59.0,1.0263157894736843,4.052631578947368,0.6013628571428571,71.43,28.57,0.0,9.09,0.0,35.0,39.47,1.237,1.263,1.553
French Ligue 1,2017/18,Lille,38.0,7.0,18.0,13.0,5.0,1.0,1.0,1.0,3.0,4.0,15.0,38.0,41.0,67.0,0.9210526315789473,3.6842105263157894,0.5216243243243244,71.43,28.57,14.29,22.22,5.56,30.77,39.47,1.0,1.079,1.763
French Ligue 1,2017/18,Lyon,38.0,19.0,8.0,11.0,15.0,4.0,0.0,2.0,2.0,6.0,16.0,78.0,87.0,43.0,1.1578947368421053,4.184210526315789,0.5212333333333334,78.95,21.05,0.0,50.0,25.0,54.55,42.11,2.053,2.289,1.132
French Ligue 1,2017/18,Marseille,38.0,17.0,6.0,15.0,13.0,4.0,0.0,0.0,2.0,9.0,16.0,77.0,80.0,47.0,0.9473684210526315,4.052631578947368,0.4890594594594595,76.47,23.53,0.0,33.33,0.0,60.0,42.11,2.026,2.105,1.237
French Ligue 1,2017/18,Metz,38.0,5.0,16.0,17.0,1.0,2.0,2.0,1.0,1.0,4.0,18.0,26.0,34.0,76.0,1.131578947368421,3.9210526315789473,0.5644162162162162,20.0,80.0,40.0,12.5,6.25,23.53,47.37,0.684,0.895,2.0
French Ligue 1,2017/18,Monaco,38.0,17.0,6.0,15.0,15.0,2.0,0.0,1.0,1.0,8.0,14.0,80.0,85.0,45.0,1.0526315789473684,3.8947368421052633,0.5061194444444445,88.24,11.76,0.0,33.33,16.67,53.33,36.84,2.105,2.237,1.184
French Ligue 1,2017/18,Montpellier,38.0,7.0,11.0,20.0,5.0,2.0,0.0,0.0,6.0,6.0,18.0,51.0,36.0,33.0,0.6578947368421053,4.0,0.526040625,71.43,28.57,0.0,54.55,0.0,30.0,47.37,1.342,0.947,0.868
French Ligue 1,2017/18,Nantes,38.0,12.0,9.0,17.0,6.0,6.0,0.0,0.0,1.0,8.0,21.0,52.0,36.0,41.0,0.8157894736842105,3.9473684210526314,0.5346864864864865,50.0,50.0,0.0,11.11,0.0,47.06,55.26,1.368,0.947,1.079
French Ligue 1,2017/18,Nice,38.0,11.0,10.0,17.0,8.0,2.0,1.0,1.0,3.0,6.0,20.0,54.0,53.0,52.0,0.8947368421052632,4.315789473684211,0.5256108108108107,72.73,27.27,9.09,40.0,10.0,35.29,52.63,1.421,1.395,1.368
French Ligue 1,2017/18,Paris SG,38.0,21.0,2.0,15.0,20.0,1.0,0.0,0.0,2.0,9.0,15.0,93.0,108.0,29.0,1.368421052631579,4.078947368421052,0.6012555555555557,95.24,4.76,0.0,100.0,0.0,60.0,39.47,2.447,2.842,0.763
French Ligue 1,2017/18,Rennes,38.0,9.0,10.0,19.0,6.0,2.0,1.0,2.0,3.0,8.0,22.0,58.0,50.0,44.0,0.8947368421052632,4.973684210526316,0.597371052631579,66.67,33.33,11.11,50.0,20.0,42.11,57.89,1.526,1.316,1.158
French Ligue 1,2017/18,St Etienne,38.0,10.0,14.0,14.0,7.0,3.0,0.0,2.0,2.0,6.0,16.0,55.0,47.0,50.0,1.0526315789473684,4.052631578947368,0.5247756756756756,70.0,30.0,0.0,28.57,14.29,42.86,42.11,1.447,1.237,1.316
French Ligue 1,2017/18,Strasbourg,38.0,7.0,13.0,18.0,4.0,3.0,0.0,0.0,1.0,5.0,15.0,38.0,44.0,67.0,0.868421052631579,4.2105263157894735,0.5975555555555555,57.14,42.86,0.0,7.69,0.0,27.78,39.47,1.0,1.158,1.763
French Ligue 1,2017/18,Toulouse,38.0,7.0,10.0,21.0,5.0,0.0,2.0,0.0,2.0,4.0,17.0,37.0,38.0,54.0,0.7368421052631579,4.815789473684211,0.5194454545454545,71.43,28.57,28.57,20.0,0.0,19.05,44.74,0.974,1.0,1.421
French Ligue 1,2017/18,Troyes,38.0,7.0,13.0,18.0,4.0,1.0,2.0,0.0,1.0,5.0,18.0,33.0,32.0,59.0,1.0789473684210527,3.6842105263157894,0.6189833333333333,57.14,42.86,28.57,7.69,0.0,27.78,47.37,0.868,0.842,1.553
French Ligue 1,2018/19,Amiens,38.0,7.0,11.0,20.0,5.0,1.0,1.0,0.0,1.0,4.0,14.0,38.0,31.0,52.0,0.7894736842105263,3.473684210526316,0.6059161290322581,71.43,28.57,14.29,9.09,0.0,20.0,36.84,1.0,0.816,1.368
French Ligue 1,2018/19,Angers,38.0,10.0,10.0,18.0,6.0,4.0,0.0,0.0,4.0,4.0,18.0,46.0,44.0,49.0,0.7368421052631579,3.526315789473684,0.6007969696969698,60.0,40.0,0.0,40.0,0.0,22.22,47.37,1.211,1.158,1.289
French Ligue 1,2018/19,Bordeaux,38.0,8.0,12.0,18.0,6.0,1.0,1.0,0.0,3.0,4.0,16.0,41.0,34.0,42.0,0.6052631578947368,3.973684210526316,0.5126272727272727,75.0,25.0,12.5,25.0,0.0,22.22,42.11,1.079,0.895,1.105
French Ligue 1,2018/19,Caen,38.0,8.0,8.0,22.0,4.0,3.0,1.0,0.0,2.0,3.0,21.0,33.0,29.0,54.0,0.868421052631579,4.184210526315789,0.6426470588235293,50.0,50.0,12.5,25.0,0.0,13.64,55.26,0.868,0.763,1.421
French Ligue 1,2018/19,Dijon,38.0,8.0,15.0,15.0,6.0,1.0,1.0,2.0,0.0,1.0,13.0,34.0,31.0,60.0,1.0,3.736842105263158,0.6014342857142857,75.0,25.0,12.5,13.33,13.33,6.67,34.21,0.895,0.816,1.579
French Ligue 1,2018/19,Guingamp,38.0,7.0,17.0,14.0,2.0,3.0,2.0,0.0,2.0,3.0,14.0,27.0,28.0,68.0,1.0263157894736843,3.8684210526315788,0.5796937499999999,28.57,71.43,28.57,11.76,0.0,21.43,36.84,0.711,0.737,1.789
French Ligue 1,2018/19,Lille,38.0,14.0,3.0,21.0,11.0,2.0,1.0,0.0,1.0,11.0,19.0,75.0,68.0,33.0,1.131578947368421,4.131578947368421,0.659314705882353,78.57,21.43,7.14,33.33,0.0,52.38,50.0,1.974,1.789,0.868
French Ligue 1,2018/19,Lyon,38.0,14.0,12.0,12.0,9.0,5.0,0.0,4.0,3.0,8.0,23.0,72.0,70.0,47.0,1.236842105263158,3.736842105263158,0.5644710526315788,64.29,35.71,0.0,58.33,33.33,66.67,60.53,1.895,1.842,1.237
French Ligue 1,2018/19,Marseille,38.0,12.0,10.0,16.0,10.0,1.0,1.0,1.0,3.0,7.0,19.0,61.0,60.0,52.0,1.131578947368421,4.315789473684211,0.5796702702702703,83.33,16.67,8.33,40.0,10.0,43.75,50.0,1.605,1.579,1.368
French Ligue 1,2018/19,Monaco,38.0,7.0,18.0,13.0,4.0,1.0,2.0,0.0,4.0,4.0,13.0,36.0,38.0,57.0,0.7894736842105263,4.421052631578948,0.5143527777777778,57.14,42.86,28.57,22.22,0.0,30.77,34.21,0.947,1.0,1.5
French Ligue 1,2018/19,Montpellier,38.0,9.0,7.0,22.0,6.0,2.0,1.0,1.0,3.0,8.0,20.0,59.0,53.0,42.0,0.9473684210526315,3.6052631578947367,0.6485714285714287,66.67,33.33,11.11,57.14,14.29,36.36,52.63,1.553,1.395,1.105
French Ligue 1,2018/19,Nantes,38.0,8.0,9.0,21.0,5.0,2.0,1.0,0.0,3.0,8.0,23.0,48.0,48.0,48.0,1.0263157894736843,4.2105263157894735,0.6564833333333334,62.5,37.5,12.5,33.33,0.0,38.1,60.53,1.263,1.263,1.263
French Ligue 1,2018/19,Nice,38.0,12.0,11.0,15.0,9.0,3.0,0.0,0.0,2.0,6.0,14.0,56.0,30.0,35.0,0.7894736842105263,4.026315789473684,0.5666714285714285,75.0,25.0,0.0,18.18,0.0,40.0,36.84,1.474,0.789,0.921
French Ligue 1,2018/19,Nimes,38.0,11.0,12.0,15.0,8.0,2.0,1.0,1.0,3.0,6.0,19.0,53.0,57.0,58.0,1.1842105263157894,4.342105263157895,0.5939166666666666,72.73,27.27,9.09,33.33,8.33,40.0,50.0,1.395,1.5,1.526
French Ligue 1,2018/19,Paris SG,38.0,19.0,5.0,14.0,18.0,1.0,0.0,1.0,2.0,10.0,17.0,91.0,105.0,35.0,1.605263157894737,3.3947368421052633,0.6214947368421053,94.74,5.26,0.0,60.0,20.0,71.43,44.74,2.395,2.763,0.921
French Ligue 1,2018/19,Reims,38.0,13.0,11.0,14.0,11.0,2.0,0.0,0.0,3.0,2.0,8.0,55.0,39.0,42.0,0.5789473684210527,3.5,0.48281562499999997,84.62,15.38,0.0,27.27,0.0,14.29,21.05,1.447,1.026,1.105
French Ligue 1,2018/19,Rennes,38.0,12.0,5.0,21.0,7.0,5.0,0.0,0.0,0.0,6.0,18.0,52.0,55.0,52.0,0.9736842105263158,4.368421052631579,0.5870388888888889,58.33,41.67,0.0,0.0,0.0,28.57,47.37,1.368,1.447,1.368
French Ligue 1,2018/19,St Etienne,38.0,13.0,6.0,19.0,11.0,1.0,1.0,3.0,0.0,5.0,16.0,66.0,59.0,41.0,1.0263157894736843,3.9210526315789473,0.6281138888888889,84.62,15.38,7.69,50.0,50.0,26.32,42.11,1.737,1.553,1.079
French Ligue 1,2018/19,Strasbourg,38.0,11.0,14.0,13.0,6.0,5.0,0.0,1.0,3.0,4.0,14.0,49.0,58.0,48.0,0.8421052631578947,3.763157894736842,0.6033371428571428,54.55,45.45,0.0,28.57,7.14,30.77,36.84,1.289,1.526,1.263
French Ligue 1,2018/19,Toulouse,38.0,7.0,14.0,17.0,5.0,1.0,1.0,1.0,4.0,2.0,15.0,38.0,35.0,57.0,0.7105263157894737,4.184210526315789,0.5469882352941177,71.43,28.57,14.29,35.71,7.14,11.76,39.47,1.0,0.921,1.5
French Ligue 1,2019/20,Amiens,28.0,7.0,10.0,11.0,3.0,2.0,2.0,0.0,5.0,1.0,16.0,23.0,31.0,50.0,1.1071428571428572,3.9642857142857144,0.58534,42.86,57.14,28.57,50.0,0.0,9.09,57.14,0.821,1.107,1.786
French Ligue 1,2019/20,Angers,28.0,4.0,10.0,14.0,4.0,0.0,0.0,2.0,1.0,5.0,12.0,39.0,28.0,33.0,1.0357142857142858,3.3214285714285716,0.5513916666666666,100.0,0.0,0.0,30.0,20.0,35.71,42.86,1.393,1.0,1.179
French Ligue 1,2019/20,Bordeaux,28.0,11.0,8.0,9.0,6.0,3.0,2.0,1.0,4.0,2.0,16.0,37.0,40.0,34.0,1.0357142857142858,4.607142857142857,0.5436555555555556,54.55,45.45,18.18,62.5,12.5,22.22,57.14,1.321,1.429,1.214
French Ligue 1,2019/20,Brest,28.0,6.0,13.0,9.0,3.0,3.0,0.0,1.0,3.0,4.0,12.0,34.0,34.0,37.0,0.9642857142857143,3.1785714285714284,0.488188,50.0,50.0,0.0,30.77,7.69,44.44,42.86,1.214,1.214,1.321
French Ligue 1,2019/20,Dijon,28.0,3.0,7.0,18.0,2.0,1.0,0.0,0.0,1.0,5.0,13.0,30.0,27.0,37.0,0.7142857142857143,3.392857142857143,0.4899919999999999,66.67,33.33,0.0,14.29,0.0,27.78,46.43,1.071,0.964,1.321
French Ligue 1,2019/20,Lille,28.0,12.0,4.0,12.0,12.0,0.0,0.0,1.0,0.0,2.0,9.0,49.0,35.0,27.0,0.7857142857142857,4.071428571428571,0.5864259259259259,100.0,0.0,0.0,25.0,25.0,16.67,32.14,1.75,1.25,0.964
French Ligue 1,2019/20,Lyon,28.0,10.0,5.0,13.0,8.0,2.0,0.0,1.0,0.0,2.0,11.0,40.0,42.0,27.0,0.8928571428571429,4.178571428571429,0.49102307692307695,80.0,20.0,0.0,20.0,20.0,15.38,39.29,1.429,1.5,0.964
French Ligue 1,2019/20,Marseille,28.0,8.0,6.0,14.0,7.0,1.0,0.0,1.0,3.0,8.0,15.0,56.0,41.0,29.0,0.8928571428571429,4.5,0.6074416666666667,87.5,12.5,0.0,66.67,16.67,57.14,53.57,2.0,1.464,1.036
French Ligue 1,2019/20,Metz,28.0,11.0,13.0,4.0,6.0,4.0,1.0,0.0,4.0,2.0,11.0,34.0,27.0,35.0,0.6428571428571429,3.25,0.42692692307692304,54.55,45.45,9.09,30.77,0.0,50.0,39.29,1.214,0.964,1.25
French Ligue 1,2019/20,Monaco,28.0,10.0,7.0,11.0,6.0,3.0,1.0,1.0,1.0,4.0,14.0,40.0,44.0,44.0,1.1071428571428572,4.285714285714286,0.5325115384615384,60.0,40.0,10.0,28.57,14.29,36.36,50.0,1.429,1.571,1.571
French Ligue 1,2019/20,Montpellier,28.0,11.0,8.0,9.0,6.0,4.0,1.0,1.0,1.0,4.0,14.0,40.0,35.0,34.0,1.0357142857142858,5.0,0.5096192307692308,54.55,45.45,9.09,25.0,12.5,44.44,50.0,1.429,1.25,1.214
French Ligue 1,2019/20,Nantes,28.0,6.0,4.0,18.0,3.0,1.0,2.0,0.0,0.0,8.0,18.0,37.0,28.0,31.0,0.8928571428571429,4.107142857142857,0.7256461538461539,50.0,50.0,33.33,0.0,0.0,44.44,64.29,1.321,1.0,1.107
French Ligue 1,2019/20,Nice,28.0,8.0,9.0,11.0,6.0,2.0,0.0,2.0,1.0,3.0,11.0,41.0,41.0,38.0,0.75,4.928571428571429,0.44074074074074077,75.0,25.0,0.0,33.33,22.22,27.27,39.29,1.464,1.464,1.357
French Ligue 1,2019/20,Nimes,28.0,5.0,12.0,11.0,4.0,1.0,0.0,0.0,2.0,3.0,11.0,27.0,29.0,44.0,0.9642857142857143,5.071428571428571,0.4967961538461539,80.0,20.0,0.0,16.67,0.0,27.27,39.29,0.964,1.036,1.571
French Ligue 1,2019/20,Paris SG,27.0,16.0,3.0,8.0,15.0,1.0,0.0,1.0,1.0,6.0,11.0,68.0,75.0,24.0,1.2962962962962963,3.962962962962963,0.5677296296296296,93.75,6.25,0.0,66.67,33.33,75.0,40.74,2.519,2.778,0.889
French Ligue 1,2019/20,Reims,28.0,7.0,5.0,16.0,5.0,2.0,0.0,0.0,2.0,5.0,13.0,41.0,26.0,21.0,0.7857142857142857,3.5357142857142856,0.5701375,71.43,28.57,0.0,40.0,0.0,31.25,46.43,1.464,0.929,0.75
French Ligue 1,2019/20,Rennes,28.0,9.0,1.0,18.0,7.0,1.0,1.0,0.0,0.0,8.0,16.0,50.0,38.0,24.0,0.8214285714285714,4.535714285714286,0.6512807692307694,77.78,22.22,11.11,0.0,0.0,44.44,57.14,1.786,1.357,0.857
French Ligue 1,2019/20,St Etienne,28.0,5.0,14.0,9.0,3.0,1.0,1.0,0.0,2.0,5.0,10.0,30.0,29.0,45.0,0.8928571428571429,4.107142857142857,0.5283962962962963,60.0,40.0,20.0,14.29,0.0,55.56,35.71,1.071,1.036,1.607
French Ligue 1,2019/20,Strasbourg,27.0,10.0,8.0,9.0,8.0,1.0,1.0,1.0,1.0,2.0,10.0,38.0,32.0,32.0,1.037037037037037,3.962962962962963,0.511336,80.0,20.0,10.0,25.0,12.5,22.22,37.04,1.407,1.185,1.185
French Ligue 1,2019/20,Toulouse,28.0,2.0,14.0,12.0,0.0,1.0,1.0,0.0,2.0,3.0,15.0,13.0,22.0,58.0,1.1428571428571428,3.107142857142857,0.595237037037037,0.0,100.0,50.0,14.29,0.0,25.0,53.57,0.464,0.786,2.071
French Ligue 1,2020/21,Angers,38.0,10.0,14.0,14.0,8.0,2.0,0.0,1.0,0.0,3.0,11.0,44.0,40.0,58.0,0.9473684210526315,3.763157894736842,0.4920852941176471,80.0,20.0,0.0,7.14,7.14,21.43,28.95,1.158,1.053,1.526
French Ligue 1,2020/21,Bordeaux,38.0,10.0,13.0,15.0,9.0,0.0,1.0,0.0,1.0,4.0,12.0,45.0,42.0,56.0,0.868421052631579,3.973684210526316,0.4813151515151516,90.0,10.0,10.0,7.69,0.0,26.67,31.58,1.184,1.105,1.474
French Ligue 1,2020/21,Brest,38.0,13.0,15.0,10.0,9.0,2.0,2.0,1.0,2.0,1.0,13.0,41.0,50.0,66.0,0.8421052631578947,3.9473684210526314,0.4704771428571428,69.23,30.77,15.38,20.0,6.67,10.0,34.21,1.079,1.316,1.737
French Ligue 1,2020/21,Dijon,38.0,5.0,21.0,12.0,2.0,1.0,2.0,1.0,2.0,1.0,12.0,21.0,25.0,73.0,1.0263157894736843,3.6052631578947367,0.4980411764705882,40.0,60.0,40.0,14.29,4.76,8.33,31.58,0.553,0.658,1.921
French Ligue 1,2020/21,Lens,38.0,16.0,13.0,9.0,12.0,4.0,0.0,0.0,5.0,3.0,15.0,57.0,55.0,54.0,0.7631578947368421,4.842105263157895,0.5238444444444443,75.0,25.0,0.0,38.46,0.0,33.33,39.47,1.5,1.447,1.421
French Ligue 1,2020/21,Lille,38.0,18.0,8.0,12.0,17.0,1.0,0.0,2.0,3.0,5.0,11.0,83.0,64.0,23.0,0.8947368421052632,4.026315789473684,0.47941176470588237,94.44,5.56,0.0,62.5,25.0,41.67,28.95,2.184,1.684,0.605
French Ligue 1,2020/21,Lorient,38.0,7.0,17.0,14.0,5.0,1.0,1.0,4.0,4.0,2.0,20.0,42.0,50.0,68.0,1.263157894736842,4.078947368421052,0.6175054054054054,71.43,28.57,14.29,47.06,23.53,14.29,52.63,1.105,1.316,1.789
French Ligue 1,2020/21,Lyon,38.0,19.0,7.0,12.0,17.0,0.0,2.0,2.0,3.0,3.0,12.0,76.0,81.0,43.0,0.9210526315789473,4.105263157894737,0.5068138888888888,89.47,10.53,10.53,71.43,28.57,25.0,31.58,2.0,2.132,1.132
French Ligue 1,2020/21,Marseille,38.0,15.0,6.0,17.0,11.0,2.0,2.0,1.0,0.0,4.0,12.0,60.0,54.0,47.0,0.7894736842105263,5.131578947368421,0.6208333333333333,73.33,26.67,13.33,16.67,16.67,23.53,31.58,1.579,1.421,1.237
French Ligue 1,2020/21,Metz,38.0,7.0,11.0,20.0,6.0,1.0,0.0,1.0,2.0,5.0,16.0,47.0,44.0,48.0,0.9210526315789473,4.447368421052632,0.574075,85.71,14.29,0.0,27.27,9.09,25.0,42.11,1.237,1.158,1.263
French Ligue 1,2020/21,Monaco,38.0,18.0,9.0,11.0,16.0,0.0,2.0,2.0,3.0,6.0,15.0,78.0,76.0,42.0,1.1842105263157894,4.815789473684211,0.5678638888888888,88.89,11.11,11.11,55.56,22.22,54.55,39.47,2.053,2.0,1.105
French Ligue 1,2020/21,Montpellier,38.0,10.0,11.0,17.0,7.0,3.0,0.0,1.0,2.0,6.0,16.0,54.0,60.0,62.0,0.8421052631578947,4.078947368421052,0.6058194444444446,70.0,30.0,0.0,27.27,9.09,35.29,42.11,1.421,1.579,1.632
French Ligue 1,2020/21,Nantes,38.0,12.0,16.0,10.0,6.0,5.0,1.0,2.0,4.0,1.0,18.0,40.0,47.0,55.0,0.9736842105263158,4.342105263157895,0.5249999999999999,50.0,50.0,8.33,37.5,12.5,10.0,47.37,1.053,1.237,1.447
French Ligue 1,2020/21,Nice,38.0,10.0,15.0,13.0,8.0,2.0,0.0,2.0,0.0,5.0,12.0,52.0,50.0,53.0,0.8421052631578947,3.789473684210526,0.53476,80.0,20.0,0.0,13.33,13.33,38.46,31.58,1.368,1.316,1.395
French Ligue 1,2020/21,Nimes,38.0,4.0,19.0,15.0,3.0,0.0,1.0,0.0,3.0,6.0,14.0,35.0,40.0,71.0,1.105263157894737,4.2894736842105265,0.6060513513513512,75.0,25.0,25.0,15.79,0.0,40.0,36.84,0.921,1.053,1.868
French Ligue 1,2020/21,Paris SG,38.0,24.0,4.0,10.0,20.0,2.0,2.0,0.0,0.0,6.0,12.0,82.0,86.0,28.0,1.2105263157894737,4.052631578947368,0.5377756756756756,83.33,16.67,8.33,0.0,0.0,60.0,31.58,2.158,2.263,0.737
French Ligue 1,2020/21,Reims,38.0,11.0,10.0,17.0,5.0,4.0,2.0,1.0,2.0,3.0,17.0,42.0,42.0,50.0,0.7368421052631579,3.8421052631578947,0.53671875,45.45,54.55,18.18,30.0,10.0,17.65,44.74,1.105,1.105,1.316
French Ligue 1,2020/21,Rennes,38.0,13.0,13.0,12.0,9.0,4.0,0.0,2.0,3.0,5.0,18.0,58.0,52.0,40.0,0.9473684210526315,4.2368421052631575,0.5185194444444444,69.23,30.77,0.0,38.46,15.38,41.67,47.37,1.526,1.368,1.053
French Ligue 1,2020/21,St Etienne,38.0,13.0,13.0,12.0,7.0,3.0,3.0,0.0,1.0,5.0,13.0,46.0,42.0,54.0,0.868421052631579,4.105263157894737,0.48524,53.85,46.15,23.08,7.69,0.0,41.67,34.21,1.211,1.105,1.421
French Ligue 1,2020/21,Strasbourg,38.0,13.0,13.0,12.0,7.0,4.0,2.0,0.0,1.0,4.0,15.0,42.0,49.0,58.0,0.9473684210526315,3.4210526315789473,0.5507081081081081,53.85,46.15,15.38,7.69,0.0,33.33,39.47,1.105,1.289,1.526
French Ligue 1,2021/22,Angers,38.0,11.0,14.0,13.0,5.0,4.0,2.0,1.0,2.0,4.0,17.0,41.0,44.0,55.0,0.9210526315789473,4.394736842105263,0.5572777777777778,45.45,54.55,18.18,21.43,7.14,30.77,44.74,1.079,1.158,1.447
French Ligue 1,2021/22,Bordeaux,38.0,9.0,18.0,11.0,2.0,4.0,3.0,2.0,2.0,2.0,15.0,31.0,52.0,91.0,1.263157894736842,4.5,0.5327416666666668,22.22,77.78,33.33,22.22,11.11,18.18,39.47,0.816,1.368,2.395
French Ligue 1,2021/22,Brest,38.0,9.0,17.0,12.0,6.0,2.0,1.0,3.0,2.0,4.0,15.0,48.0,49.0,57.0,1.0526315789473684,4.0,0.5868473684210527,66.67,33.33,11.11,29.41,17.65,33.33,39.47,1.263,1.289,1.5
French Ligue 1,2021/22,Clermont,38.0,5.0,17.0,16.0,2.0,1.0,2.0,1.0,3.0,6.0,18.0,36.0,38.0,69.0,1.236842105263158,4.105263157894737,0.5821135135135135,40.0,60.0,40.0,23.53,5.88,37.5,47.37,0.947,1.0,1.816
French Ligue 1,2021/22,Lens,38.0,11.0,9.0,18.0,9.0,0.0,2.0,2.0,3.0,6.0,17.0,62.0,62.0,48.0,1.0263157894736843,4.473684210526316,0.5765783783783783,81.82,18.18,18.18,55.56,22.22,33.33,44.74,1.632,1.632,1.263
French Ligue 1,2021/22,Lille,38.0,13.0,12.0,13.0,8.0,4.0,1.0,3.0,1.0,3.0,14.0,55.0,48.0,48.0,0.8421052631578947,5.184210526315789,0.46519705882352946,61.54,38.46,7.69,33.33,25.0,23.08,36.84,1.447,1.263,1.263
French Ligue 1,2021/22,Lorient,38.0,8.0,11.0,19.0,3.0,3.0,2.0,0.0,2.0,5.0,19.0,36.0,35.0,63.0,1.0789473684210527,4.052631578947368,0.6121212121212122,37.5,62.5,25.0,18.18,0.0,26.32,50.0,0.947,0.921,1.658
French Ligue 1,2021/22,Lyon,38.0,17.0,12.0,9.0,12.0,4.0,1.0,2.0,3.0,3.0,15.0,62.0,66.0,51.0,0.9473684210526315,3.526315789473684,0.521761111111111,70.59,29.41,5.88,41.67,16.67,33.33,39.47,1.632,1.737,1.342
French Ligue 1,2021/22,Marseille,38.0,15.0,7.0,16.0,11.0,2.0,2.0,2.0,1.0,8.0,18.0,71.0,63.0,38.0,1.1842105263157894,4.078947368421052,0.5365371428571427,73.33,26.67,13.33,42.86,28.57,50.0,47.37,1.868,1.658,1.0
French Ligue 1,2021/22,Metz,38.0,9.0,11.0,18.0,4.0,3.0,2.0,0.0,1.0,2.0,15.0,31.0,35.0,69.0,0.7894736842105263,4.605263157894737,0.5420636363636363,44.44,55.56,22.22,9.09,0.0,11.11,39.47,0.816,0.921,1.816
French Ligue 1,2021/22,Monaco,38.0,14.0,9.0,15.0,12.0,2.0,0.0,1.0,2.0,7.0,15.0,69.0,65.0,40.0,0.9210526315789473,4.131578947368421,0.4995257142857143,85.71,14.29,0.0,33.33,11.11,46.67,39.47,1.816,1.711,1.053
French Ligue 1,2021/22,Montpellier,38.0,11.0,12.0,15.0,7.0,1.0,3.0,1.0,3.0,4.0,20.0,43.0,49.0,61.0,1.131578947368421,4.657894736842105,0.5276444444444445,63.64,36.36,27.27,33.33,8.33,26.67,52.63,1.132,1.289,1.605
French Ligue 1,2021/22,Nantes,38.0,12.0,9.0,17.0,8.0,3.0,1.0,2.0,1.0,5.0,18.0,55.0,55.0,48.0,0.9473684210526315,4.052631578947368,0.5685166666666668,66.67,33.33,8.33,33.33,22.22,29.41,47.37,1.447,1.447,1.263
French Ligue 1,2021/22,Nice,38.0,8.0,14.0,16.0,7.0,0.0,1.0,6.0,1.0,7.0,18.0,67.0,52.0,36.0,1.105263157894737,3.763157894736842,0.614714705882353,87.5,12.5,12.5,50.0,42.86,43.75,47.37,1.763,1.368,0.947
French Ligue 1,2021/22,Paris SG,38.0,20.0,7.0,11.0,19.0,1.0,0.0,2.0,2.0,5.0,11.0,86.0,90.0,36.0,1.1842105263157894,4.342105263157895,0.5367083333333333,95.0,5.0,0.0,57.14,28.57,45.45,28.95,2.263,2.368,0.947
French Ligue 1,2021/22,Reims,38.0,10.0,7.0,21.0,5.0,2.0,3.0,0.0,1.0,6.0,17.0,46.0,43.0,44.0,0.9210526315789473,4.2105263157894735,0.6057281250000001,50.0,50.0,30.0,14.29,0.0,28.57,44.74,1.211,1.132,1.158
French Ligue 1,2021/22,Rennes,38.0,17.0,5.0,16.0,16.0,0.0,1.0,0.0,1.0,4.0,13.0,66.0,82.0,40.0,1.1842105263157894,3.526315789473684,0.5891605263157895,94.12,5.88,5.88,20.0,0.0,25.0,34.21,1.737,2.158,1.053
French Ligue 1,2021/22,St Etienne,38.0,4.0,17.0,17.0,2.0,0.0,2.0,2.0,6.0,3.0,22.0,32.0,42.0,77.0,1.2894736842105263,4.105263157894737,0.5373918918918918,50.0,50.0,50.0,47.06,11.76,17.65,57.89,0.842,1.105,2.026
French Ligue 1,2021/22,Strasbourg,38.0,12.0,9.0,17.0,11.0,1.0,0.0,1.0,3.0,5.0,14.0,63.0,60.0,43.0,0.8947368421052632,4.131578947368421,0.5909444444444444,91.67,8.33,0.0,44.44,11.11,29.41,36.84,1.658,1.579,1.132
French Ligue 1,2021/22,Troyes,38.0,13.0,11.0,14.0,5.0,6.0,2.0,0.0,3.0,4.0,23.0,38.0,37.0,53.0,1.0263157894736843,4.631578947368421,0.5310810810810811,38.46,61.54,15.38,27.27,0.0,28.57,60.53,1.0,0.974,1.395
French Ligue 1,2022/23,Ajaccio,38.0,3.0,21.0,14.0,2.0,0.0,1.0,2.0,0.0,3.0,12.0,26.0,23.0,74.0,0.868421052631579,4.526315789473684,0.5490514285714286,66.67,33.33,33.33,9.52,9.52,21.43,31.58,0.684,0.605,1.947
French Ligue 1,2022/23,Angers,38.0,3.0,25.0,10.0,1.0,0.0,2.0,0.0,2.0,3.0,10.0,18.0,33.0,81.0,0.8157894736842105,3.6578947368421053,0.44815000000000005,33.33,66.67,66.67,8.0,0.0,30.0,26.32,0.474,0.868,2.132
French Ligue 1,2022/23,Auxerre,38.0,7.0,15.0,16.0,4.0,2.0,1.0,2.0,2.0,2.0,16.0,35.0,35.0,63.0,0.9736842105263158,2.9210526315789473,0.5282416666666667,57.14,42.86,14.29,26.67,13.33,12.5,42.11,0.921,0.921,1.658
French Ligue 1,2022/23,Brest,38.0,9.0,11.0,18.0,6.0,2.0,1.0,0.0,2.0,5.0,16.0,44.0,44.0,54.0,0.7105263157894737,3.8947368421052633,0.5338911764705884,66.67,33.33,11.11,18.18,0.0,27.78,42.11,1.158,1.158,1.421
French Ligue 1,2022/23,Clermont,38.0,10.0,13.0,15.0,8.0,0.0,2.0,2.0,4.0,7.0,19.0,59.0,45.0,49.0,0.9736842105263158,4.2368421052631575,0.5338114285714286,80.0,20.0,20.0,46.15,15.38,46.67,50.0,1.553,1.184,1.289
French Ligue 1,2022/23,Lens,38.0,19.0,3.0,16.0,17.0,2.0,0.0,1.0,0.0,7.0,12.0,84.0,68.0,29.0,0.7105263157894737,3.9473684210526314,0.5363257142857143,89.47,10.53,0.0,33.33,33.33,43.75,31.58,2.211,1.789,0.763
French Ligue 1,2022/23,Lille,38.0,13.0,13.0,12.0,10.0,3.0,0.0,5.0,2.0,4.0,17.0,67.0,65.0,44.0,0.868421052631579,4.315789473684211,0.530482857142857,76.92,23.08,0.0,53.85,38.46,33.33,44.74,1.763,1.711,1.158
French Ligue 1,2022/23,Lorient,38.0,14.0,9.0,15.0,10.0,2.0,2.0,1.0,1.0,4.0,14.0,55.0,52.0,53.0,0.8421052631578947,3.5789473684210527,0.5785705882352941,71.43,28.57,14.29,22.22,11.11,26.67,36.84,1.447,1.368,1.395
French Ligue 1,2022/23,Lyon,38.0,12.0,10.0,16.0,10.0,1.0,1.0,2.0,2.0,6.0,17.0,62.0,65.0,47.0,0.8421052631578947,3.526315789473684,0.5085714285714286,83.33,16.67,8.33,40.0,20.0,37.5,44.74,1.632,1.711,1.237
French Ligue 1,2022/23,Marseille,38.0,14.0,8.0,16.0,11.0,2.0,1.0,2.0,2.0,9.0,20.0,73.0,67.0,40.0,0.9736842105263158,3.473684210526316,0.5823702702702701,78.57,21.43,7.14,50.0,25.0,56.25,52.63,1.921,1.763,1.053
French Ligue 1,2022/23,Monaco,38.0,15.0,7.0,16.0,11.0,4.0,0.0,1.0,1.0,7.0,19.0,65.0,70.0,58.0,1.0263157894736843,3.3684210526315788,0.6265783783783784,73.33,26.67,0.0,28.57,14.29,43.75,50.0,1.711,1.842,1.526
French Ligue 1,2022/23,Montpellier,38.0,13.0,12.0,13.0,8.0,1.0,4.0,2.0,1.0,5.0,18.0,50.0,65.0,62.0,1.263157894736842,4.473684210526316,0.6117842105263157,61.54,38.46,30.77,25.0,16.67,38.46,47.37,1.316,1.711,1.632
French Ligue 1,2022/23,Nantes,38.0,6.0,13.0,19.0,3.0,2.0,1.0,1.0,2.0,3.0,14.0,36.0,37.0,55.0,0.9210526315789473,3.526315789473684,0.5932312499999999,50.0,50.0,16.67,23.08,7.69,15.79,36.84,0.947,0.974,1.447
French Ligue 1,2022/23,Nice,38.0,11.0,11.0,16.0,9.0,2.0,0.0,2.0,2.0,4.0,13.0,58.0,48.0,37.0,0.631578947368421,2.736842105263158,0.4288529411764706,81.82,18.18,0.0,36.36,18.18,25.0,34.21,1.526,1.263,0.974
French Ligue 1,2022/23,Paris SG,38.0,22.0,5.0,11.0,22.0,0.0,0.0,0.0,1.0,5.0,9.0,85.0,89.0,40.0,1.0263157894736843,3.0526315789473686,0.5135135135135136,100.0,0.0,0.0,20.0,0.0,45.45,23.68,2.237,2.342,1.053
French Ligue 1,2022/23,Reims,38.0,12.0,11.0,15.0,7.0,3.0,2.0,1.0,3.0,4.0,15.0,51.0,45.0,45.0,0.8421052631578947,4.0,0.5135375,58.33,41.67,16.67,36.36,9.09,26.67,39.47,1.342,1.184,1.184
French Ligue 1,2022/23,Rennes,38.0,18.0,7.0,13.0,15.0,1.0,2.0,0.0,2.0,6.0,16.0,68.0,69.0,39.0,1.105263157894737,3.210526315789474,0.5927918918918919,83.33,16.67,11.11,28.57,0.0,46.15,42.11,1.789,1.816,1.026
French Ligue 1,2022/23,Strasbourg,38.0,14.0,18.0,6.0,9.0,4.0,1.0,0.0,4.0,0.0,10.0,40.0,51.0,59.0,0.5789473684210527,4.105263157894737,0.41319189189189187,64.29,35.71,7.14,22.22,0.0,0.0,26.32,1.053,1.342,1.553
French Ligue 1,2022/23,Toulouse,38.0,13.0,8.0,17.0,9.0,2.0,2.0,0.0,2.0,4.0,18.0,48.0,51.0,57.0,1.105263157894737,3.473684210526316,0.5846942857142857,69.23,30.77,15.38,25.0,0.0,23.53,47.37,1.263,1.342,1.5
French Ligue 1,2022/23,Troyes,38.0,9.0,17.0,12.0,3.0,5.0,1.0,0.0,3.0,1.0,17.0,24.0,45.0,81.0,1.0263157894736843,2.973684210526316,0.5945324324324325,33.33,66.67,11.11,17.65,0.0,8.33,44.74,0.632,1.184,2.132
French Ligue 1,2023/24,Brest,34.0,8.0,12.0,14.0,7.0,1.0,0.0,3.0,2.0,7.0,13.0,61.0,53.0,34.0,0.8235294117647058,4.647058823529412,0.5834133333333332,87.5,12.5,0.0,41.67,25.0,50.0,38.24,1.794,1.559,1.0
French Ligue 1,2023/24,Clermont,34.0,7.0,16.0,11.0,3.0,3.0,1.0,0.0,2.0,2.0,12.0,25.0,26.0,60.0,1.0,4.088235294117647,0.5394433333333333,42.86,57.14,14.29,12.5,0.0,18.18,35.29,0.735,0.765,1.765
French Ligue 1,2023/24,Le Havre,34.0,6.0,11.0,17.0,4.0,2.0,0.0,0.0,1.0,3.0,12.0,32.0,34.0,45.0,0.6176470588235294,4.176470588235294,0.6264379310344828,66.67,33.33,0.0,9.09,0.0,17.65,35.29,0.941,1.0,1.324
French Ligue 1,2023/24,Lens,34.0,12.0,10.0,12.0,9.0,2.0,1.0,0.0,1.0,5.0,10.0,51.0,45.0,37.0,0.8235294117647058,4.5588235294117645,0.5236580645161291,75.0,25.0,8.33,10.0,0.0,41.67,29.41,1.5,1.324,1.088
French Ligue 1,2023/24,Lille,34.0,18.0,6.0,10.0,13.0,3.0,2.0,0.0,3.0,3.0,13.0,59.0,52.0,34.0,0.8235294117647058,4.294117647058823,0.48325483870967745,72.22,27.78,11.11,50.0,0.0,30.0,38.24,1.735,1.529,1.0
French Ligue 1,2023/24,Lorient,34.0,6.0,9.0,19.0,4.0,0.0,2.0,0.0,1.0,3.0,15.0,29.0,43.0,66.0,1.1176470588235294,3.8823529411764706,0.6729218750000001,66.67,33.33,33.33,11.11,0.0,15.79,44.12,0.853,1.265,1.941
French Ligue 1,2023/24,Lyon,34.0,8.0,13.0,13.0,7.0,1.0,0.0,3.0,0.0,6.0,13.0,53.0,49.0,55.0,0.9117647058823529,3.764705882352941,0.6011875,87.5,12.5,0.0,23.08,23.08,46.15,38.24,1.559,1.441,1.618
French Ligue 1,2023/24,Marseille,34.0,13.0,6.0,15.0,11.0,2.0,0.0,0.0,2.0,2.0,12.0,50.0,52.0,41.0,0.8823529411764706,4.617647058823529,0.5109343749999999,84.62,15.38,0.0,33.33,0.0,13.33,35.29,1.471,1.529,1.206
French Ligue 1,2023/24,Metz,34.0,5.0,12.0,17.0,4.0,0.0,1.0,1.0,1.0,3.0,16.0,29.0,35.0,58.0,0.8235294117647058,3.411764705882353,0.4939363636363637,80.0,20.0,20.0,16.67,8.33,17.65,47.06,0.853,1.029,1.706
French Ligue 1,2023/24,Monaco,34.0,14.0,6.0,14.0,13.0,1.0,0.0,0.0,1.0,7.0,11.0,67.0,68.0,42.0,0.7352941176470589,4.588235294117647,0.54091875,92.86,7.14,0.0,16.67,0.0,50.0,32.35,1.971,2.0,1.235
French Ligue 1,2023/24,Montpellier,34.0,10.0,12.0,12.0,7.0,2.0,1.0,0.0,4.0,3.0,13.0,42.0,43.0,48.0,1.1176470588235294,4.5,0.55834,70.0,30.0,10.0,33.33,0.0,25.0,38.24,1.235,1.265,1.412
French Ligue 1,2023/24,Nantes,34.0,7.0,7.0,20.0,4.0,1.0,2.0,0.0,0.0,5.0,18.0,33.0,30.0,55.0,1.1176470588235294,4.029411764705882,0.6747354838709678,57.14,42.86,28.57,0.0,0.0,25.0,52.94,0.971,0.882,1.618
French Ligue 1,2023/24,Nice,34.0,9.0,7.0,18.0,6.0,2.0,1.0,0.0,0.0,9.0,13.0,55.0,40.0,29.0,0.6470588235294118,4.176470588235294,0.578575,66.67,33.33,11.11,0.0,0.0,50.0,38.24,1.618,1.176,0.853
French Ligue 1,2023/24,Paris SG,34.0,19.0,3.0,12.0,18.0,1.0,0.0,0.0,3.0,4.0,10.0,76.0,81.0,33.0,0.9705882352941176,3.1176470588235294,0.5281129032258064,94.74,5.26,0.0,100.0,0.0,33.33,29.41,2.235,2.382,0.971
French Ligue 1,2023/24,Reims,34.0,9.0,5.0,20.0,8.0,0.0,1.0,0.0,0.0,5.0,13.0,47.0,42.0,47.0,0.9117647058823529,3.823529411764706,0.565103125,88.89,11.11,11.11,0.0,0.0,25.0,38.24,1.382,1.235,1.382
French Ligue 1,2023/24,Rennes,34.0,10.0,10.0,14.0,5.0,4.0,1.0,2.0,2.0,5.0,19.0,46.0,53.0,46.0,1.1470588235294117,4.5,0.6064548387096774,50.0,50.0,10.0,40.0,20.0,35.71,55.88,1.353,1.559,1.353
French Ligue 1,2023/24,Strasbourg,34.0,3.0,16.0,15.0,2.0,1.0,0.0,0.0,4.0,8.0,16.0,39.0,38.0,50.0,0.8529411764705882,3.7941176470588234,0.572915625,66.67,33.33,0.0,25.0,0.0,53.33,47.06,1.147,1.118,1.471
French Ligue 1,2023/24,Toulouse,34.0,8.0,11.0,15.0,6.0,2.0,0.0,4.0,1.0,1.0,15.0,43.0,42.0,46.0,0.9705882352941176,4.205882352941177,0.6032290322580645,75.0,25.0,0.0,45.45,36.36,6.67,44.12,1.265,1.235,1.353
French Ligue 1,2024/25,Angers,34.0,9.0,12.0,13.0,7.0,2.0,0.0,0.0,1.0,3.0,13.0,36.0,32.0,53.0,1.0,4.029411764705882,0.6034323529411765,77.78,22.22,0.0,8.33,0.0,23.08,38.24,1.059,0.941,1.559
French Ligue 1,2024/25,Auxerre,34.0,12.0,9.0,13.0,7.0,2.0,3.0,0.0,3.0,4.0,17.0,42.0,48.0,51.0,1.0588235294117647,3.6176470588235294,0.574478125,58.33,41.67,25.0,33.33,0.0,30.77,50.0,1.235,1.412,1.5
French Ligue 1,2024/25,Brest,34.0,16.0,13.0,5.0,15.0,1.0,0.0,0.0,1.0,0.0,4.0,50.0,52.0,59.0,0.7352941176470589,3.8823529411764706,0.41949375,93.75,6.25,0.0,7.69,0.0,0.0,11.76,1.471,1.529,1.735
French Ligue 1,2024/25,Le Havre,34.0,6.0,13.0,15.0,4.0,1.0,1.0,0.0,1.0,6.0,16.0,34.0,40.0,71.0,1.1470588235294117,3.911764705882353,0.5890735294117647,66.67,33.33,16.67,7.69,0.0,40.0,47.06,1.0,1.176,2.088
French Ligue 1,2024/25,Lens,34.0,12.0,7.0,15.0,9.0,2.0,1.0,0.0,1.0,6.0,15.0,52.0,42.0,39.0,0.9117647058823529,4.529411764705882,0.584228125,75.0,25.0,8.33,14.29,0.0,40.0,44.12,1.529,1.235,1.147
French Ligue 1,2024/25,Lille,34.0,15.0,8.0,11.0,11.0,3.0,1.0,2.0,1.0,4.0,13.0,60.0,52.0,36.0,0.7647058823529411,4.352941176470588,0.5119812499999999,73.33,26.67,6.67,37.5,25.0,36.36,38.24,1.765,1.529,1.059
French Ligue 1,2024/25,Lyon,34.0,10.0,7.0,17.0,7.0,3.0,0.0,1.0,1.0,9.0,20.0,57.0,65.0,46.0,1.2352941176470589,3.6470588235294117,0.6327375000000001,70.0,30.0,0.0,28.57,14.29,52.94,58.82,1.676,1.912,1.353
French Ligue 1,2024/25,Marseille,34.0,12.0,10.0,12.0,10.0,2.0,0.0,1.0,1.0,9.0,14.0,65.0,74.0,47.0,1.1764705882352942,3.9411764705882355,0.6161735294117647,83.33,16.67,0.0,20.0,10.0,75.0,41.18,1.912,2.176,1.382
French Ligue 1,2024/25,Monaco,34.0,11.0,10.0,13.0,8.0,1.0,2.0,3.0,2.0,7.0,17.0,61.0,63.0,41.0,1.3529411764705883,3.8823529411764706,0.5782258064516129,72.73,27.27,18.18,50.0,30.0,53.85,50.0,1.794,1.853,1.206
French Ligue 1,2024/25,Montpellier,34.0,1.0,22.0,11.0,1.0,0.0,0.0,2.0,1.0,1.0,11.0,16.0,23.0,79.0,1.1470588235294117,4.882352941176471,0.5686848484848485,100.0,0.0,0.0,13.64,9.09,9.09,32.35,0.471,0.676,2.324
French Ligue 1,2024/25,Nantes,34.0,8.0,12.0,14.0,5.0,3.0,0.0,0.0,4.0,3.0,16.0,36.0,39.0,52.0,0.9117647058823529,3.8529411764705883,0.561715625,62.5,37.5,0.0,33.33,0.0,21.43,47.06,1.059,1.147,1.529
French Ligue 1,2024/25,Nice,34.0,19.0,6.0,9.0,12.0,5.0,2.0,1.0,1.0,4.0,15.0,60.0,66.0,41.0,1.0588235294117647,4.147058823529412,0.5025272727272727,63.16,36.84,10.53,33.33,16.67,44.44,44.12,1.765,1.941,1.206
French Ligue 1,2024/25,Paris SG,34.0,19.0,5.0,10.0,18.0,1.0,0.0,2.0,2.0,6.0,12.0,84.0,92.0,35.0,1.3529411764705883,2.9411764705882355,0.5865060606060606,94.74,5.26,0.0,80.0,40.0,60.0,35.29,2.471,2.706,1.029
French Ligue 1,2024/25,Reims,34.0,9.0,16.0,9.0,6.0,2.0,1.0,0.0,2.0,2.0,9.0,33.0,33.0,47.0,0.6470588235294118,3.4705882352941178,0.41666333333333333,66.67,33.33,11.11,12.5,0.0,22.22,26.47,0.971,0.971,1.382
French Ligue 1,2024/25,Rennes,34.0,12.0,12.0,10.0,11.0,1.0,0.0,0.0,0.0,2.0,10.0,41.0,51.0,50.0,0.9705882352941176,4.205882352941177,0.5593117647058825,91.67,8.33,0.0,0.0,0.0,20.0,29.41,1.206,1.5,1.471
French Ligue 1,2024/25,St Etienne,34.0,5.0,18.0,11.0,5.0,0.0,0.0,1.0,4.0,2.0,14.0,30.0,39.0,77.0,1.2941176470588236,3.6470588235294117,0.5165970588235294,100.0,0.0,0.0,27.78,5.56,18.18,41.18,0.882,1.147,2.265
French Ligue 1,2024/25,Strasbourg,34.0,12.0,6.0,16.0,8.0,2.0,2.0,2.0,2.0,6.0,19.0,57.0,56.0,44.0,1.0294117647058822,4.323529411764706,0.6042225806451614,66.67,33.33,16.67,66.67,33.33,37.5,55.88,1.676,1.647,1.294
French Ligue 1,2024/25,Toulouse,34.0,8.0,10.0,16.0,6.0,0.0,2.0,0.0,3.0,5.0,15.0,42.0,44.0,43.0,0.7941176470588235,4.029411764705882,0.6118322580645161,75.0,25.0,25.0,30.0,0.0,31.25,44.12,1.235,1.294,1.265
German Bundesliga,2015/16,Augsburg,34.0,10.0,8.0,16.0,6.0,2.0,2.0,1.0,3.0,2.0,18.0,38.0,42.0,52.0,0.9705882352941176,4.294117647058823,0.5361133333333333,60.0,40.0,20.0,50.0,12.5,12.5,52.94,1.118,1.235,1.529
German Bundesliga,2015/16,Bayern Munich,34.0,19.0,4.0,11.0,18.0,1.0,0.0,3.0,0.0,7.0,12.0,88.0,80.0,17.0,1.3823529411764706,2.735294117647059,0.5532290322580645,94.74,5.26,0.0,75.0,75.0,63.64,35.29,2.588,2.353,0.5
German Bundesliga,2015/16,Darmstadt,34.0,13.0,9.0,12.0,5.0,4.0,4.0,0.0,2.0,4.0,17.0,38.0,38.0,53.0,1.0588235294117647,4.382352941176471,0.5424741935483871,38.46,61.54,30.77,22.22,0.0,33.33,50.0,1.118,1.118,1.559
German Bundesliga,2015/16,Dortmund,34.0,17.0,7.0,10.0,16.0,0.0,1.0,1.0,3.0,7.0,12.0,78.0,82.0,34.0,1.2352941176470589,3.0588235294117645,0.5932312500000001,94.12,5.88,5.88,57.14,14.29,70.0,35.29,2.294,2.412,1.0
German Bundesliga,2015/16,Ein Frankfurt,34.0,5.0,11.0,18.0,4.0,1.0,0.0,2.0,2.0,3.0,17.0,36.0,34.0,52.0,1.1176470588235294,5.147058823529412,0.5389892857142857,80.0,20.0,0.0,36.36,18.18,16.67,50.0,1.059,1.0,1.529
German Bundesliga,2015/16,FC Koln,34.0,6.0,13.0,15.0,3.0,3.0,0.0,2.0,2.0,5.0,14.0,43.0,38.0,42.0,0.8529411764705882,3.7941176470588234,0.49109310344827584,50.0,50.0,0.0,30.77,15.38,33.33,41.18,1.265,1.118,1.235
German Bundesliga,2015/16,Hamburg,34.0,9.0,10.0,15.0,5.0,3.0,1.0,1.0,1.0,5.0,17.0,41.0,40.0,46.0,1.0,4.264705882352941,0.6455566666666667,55.56,44.44,11.11,20.0,10.0,33.33,50.0,1.206,1.176,1.353
German Bundesliga,2015/16,Hannover,34.0,3.0,22.0,9.0,3.0,0.0,0.0,1.0,3.0,3.0,12.0,25.0,31.0,62.0,0.9411764705882353,3.411764705882353,0.45294117647058824,100.0,0.0,0.0,18.18,4.55,33.33,35.29,0.735,0.912,1.824
German Bundesliga,2015/16,Hertha,34.0,11.0,7.0,16.0,10.0,1.0,0.0,0.0,1.0,4.0,12.0,50.0,42.0,42.0,0.9411764705882353,4.088235294117647,0.5451612903225806,90.91,9.09,0.0,14.29,0.0,25.0,35.29,1.471,1.235,1.235
German Bundesliga,2015/16,Hoffenheim,34.0,8.0,10.0,16.0,3.0,4.0,1.0,0.0,0.0,6.0,15.0,37.0,39.0,54.0,0.8529411764705882,3.6470588235294117,0.4623612903225806,37.5,62.5,12.5,0.0,0.0,37.5,44.12,1.088,1.147,1.588
German Bundesliga,2015/16,Ingolstadt,34.0,7.0,8.0,19.0,3.0,4.0,0.0,2.0,1.0,5.0,21.0,40.0,33.0,42.0,1.0294117647058822,4.852941176470588,0.6375,42.86,57.14,0.0,37.5,25.0,26.32,61.76,1.176,0.971,1.235
German Bundesliga,2015/16,Leverkusen,34.0,11.0,9.0,14.0,11.0,0.0,0.0,2.0,2.0,5.0,14.0,60.0,56.0,40.0,1.1176470588235294,4.176470588235294,0.52135625,100.0,0.0,0.0,44.44,22.22,35.71,41.18,1.765,1.647,1.176
German Bundesliga,2015/16,M'gladbach,34.0,12.0,10.0,12.0,11.0,1.0,0.0,0.0,2.0,6.0,14.0,55.0,67.0,50.0,1.2941176470588236,3.5588235294117645,0.5792939393939395,91.67,8.33,0.0,20.0,0.0,50.0,41.18,1.618,1.971,1.471
German Bundesliga,2015/16,Mainz,34.0,13.0,5.0,16.0,11.0,1.0,1.0,0.0,0.0,3.0,11.0,50.0,46.0,42.0,0.7352941176470589,3.588235294117647,0.498848275862069,84.62,15.38,7.69,0.0,0.0,18.75,32.35,1.471,1.353,1.235
German Bundesliga,2015/16,Schalke 04,34.0,10.0,9.0,15.0,8.0,1.0,1.0,0.0,2.0,7.0,15.0,52.0,51.0,49.0,1.1176470588235294,3.764705882352941,0.6212151515151515,80.0,20.0,10.0,22.22,0.0,46.67,44.12,1.529,1.5,1.441
German Bundesliga,2015/16,Stuttgart,34.0,7.0,15.0,12.0,4.0,2.0,1.0,0.0,2.0,5.0,15.0,33.0,50.0,75.0,1.1470588235294117,3.9705882352941178,0.5414151515151515,57.14,42.86,14.29,13.33,0.0,41.67,44.12,0.971,1.471,2.206
German Bundesliga,2015/16,Werder Bremen,34.0,7.0,12.0,15.0,5.0,1.0,1.0,0.0,2.0,5.0,14.0,38.0,50.0,65.0,1.2058823529411764,4.4411764705882355,0.5298,71.43,28.57,14.29,16.67,0.0,33.33,41.18,1.118,1.471,1.912
German Bundesliga,2015/16,Wolfsburg,34.0,11.0,10.0,13.0,8.0,1.0,2.0,0.0,2.0,4.0,12.0,45.0,47.0,49.0,1.1176470588235294,3.411764705882353,0.61666875,72.73,27.27,18.18,20.0,0.0,30.77,35.29,1.324,1.382,1.441
German Bundesliga,2016/17,Augsburg,34.0,4.0,10.0,20.0,2.0,1.0,1.0,1.0,0.0,6.0,13.0,38.0,35.0,51.0,0.8529411764705882,3.764705882352941,0.5844433333333333,50.0,50.0,25.0,10.0,10.0,30.0,38.24,1.118,1.029,1.5
German Bundesliga,2016/17,Bayern Munich,34.0,17.0,5.0,12.0,16.0,1.0,0.0,1.0,2.0,8.0,12.0,82.0,89.0,22.0,1.3529411764705883,2.911764705882353,0.4724757575757576,94.12,5.88,0.0,60.0,20.0,66.67,35.29,2.412,2.618,0.647
German Bundesliga,2016/17,Darmstadt,34.0,6.0,11.0,17.0,4.0,1.0,1.0,0.0,0.0,3.0,16.0,25.0,28.0,63.0,1.1176470588235294,3.9705882352941178,0.6925666666666667,66.67,33.33,16.67,0.0,0.0,17.65,47.06,0.735,0.824,1.853
German Bundesliga,2016/17,Dortmund,34.0,18.0,7.0,9.0,17.0,1.0,0.0,0.0,4.0,1.0,9.0,64.0,72.0,40.0,0.9411764705882353,4.323529411764706,0.553428125,94.44,5.56,0.0,57.14,0.0,11.11,26.47,1.882,2.118,1.176
German Bundesliga,2016/17,Ein Frankfurt,34.0,8.0,11.0,15.0,6.0,1.0,1.0,2.0,2.0,3.0,15.0,42.0,36.0,43.0,1.0294117647058822,4.411764705882353,0.5583333333333333,75.0,25.0,12.5,36.36,18.18,20.0,44.12,1.235,1.059,1.265
German Bundesliga,2016/17,FC Koln,34.0,9.0,8.0,17.0,7.0,2.0,0.0,1.0,1.0,4.0,11.0,49.0,51.0,42.0,0.7647058823529411,4.0588235294117645,0.46801333333333334,77.78,22.22,0.0,25.0,12.5,23.53,32.35,1.441,1.5,1.235
German Bundesliga,2016/17,Freiburg,34.0,7.0,12.0,15.0,6.0,1.0,0.0,1.0,0.0,7.0,12.0,48.0,42.0,60.0,0.8529411764705882,3.411764705882353,0.584735294117647,85.71,14.29,0.0,8.33,8.33,46.67,35.29,1.412,1.235,1.765
German Bundesliga,2016/17,Hamburg,34.0,3.0,8.0,23.0,2.0,1.0,0.0,0.0,1.0,8.0,19.0,38.0,33.0,61.0,1.1764705882352942,4.382352941176471,0.6461161290322581,66.67,33.33,0.0,12.5,0.0,34.78,55.88,1.118,0.971,1.794
German Bundesliga,2016/17,Hertha,34.0,9.0,15.0,10.0,8.0,1.0,0.0,1.0,1.0,6.0,11.0,49.0,43.0,47.0,0.8235294117647058,4.088235294117647,0.49722424242424246,88.89,11.11,0.0,13.33,6.67,60.0,32.35,1.441,1.265,1.382
German Bundesliga,2016/17,Hoffenheim,34.0,12.0,4.0,18.0,9.0,2.0,1.0,0.0,3.0,7.0,15.0,62.0,64.0,37.0,0.9705882352941176,4.0,0.5768064516129032,75.0,25.0,8.33,75.0,0.0,38.89,44.12,1.824,1.882,1.088
German Bundesliga,2016/17,Ingolstadt,34.0,8.0,12.0,14.0,6.0,2.0,0.0,1.0,1.0,1.0,13.0,32.0,36.0,57.0,0.9705882352941176,4.0588235294117645,0.5519515151515151,75.0,25.0,0.0,16.67,8.33,7.14,38.24,0.941,1.059,1.676
German Bundesliga,2016/17,Leverkusen,34.0,11.0,11.0,12.0,7.0,2.0,2.0,2.0,2.0,2.0,16.0,41.0,53.0,55.0,0.9411764705882353,3.088235294117647,0.6242218749999999,63.64,36.36,18.18,36.36,18.18,16.67,47.06,1.206,1.559,1.618
German Bundesliga,2016/17,M'gladbach,34.0,10.0,7.0,17.0,6.0,2.0,2.0,1.0,1.0,5.0,17.0,45.0,45.0,49.0,1.0294117647058822,3.3823529411764706,0.61056,60.0,40.0,20.0,28.57,14.29,29.41,50.0,1.324,1.324,1.441
German Bundesliga,2016/17,Mainz,34.0,9.0,14.0,11.0,6.0,2.0,1.0,2.0,1.0,2.0,13.0,37.0,44.0,55.0,0.9705882352941176,4.176470588235294,0.5330709677419355,66.67,33.33,11.11,21.43,14.29,18.18,38.24,1.088,1.294,1.618
German Bundesliga,2016/17,RB Leipzig,34.0,14.0,7.0,13.0,10.0,3.0,1.0,1.0,0.0,9.0,14.0,67.0,66.0,39.0,1.0294117647058822,4.911764705882353,0.5323212121212121,71.43,28.57,7.14,14.29,14.29,69.23,41.18,1.971,1.941,1.147
German Bundesliga,2016/17,Schalke 04,34.0,8.0,7.0,19.0,6.0,2.0,0.0,0.0,1.0,5.0,15.0,43.0,45.0,40.0,0.8823529411764706,3.823529411764706,0.5530333333333334,75.0,25.0,0.0,14.29,0.0,26.32,44.12,1.265,1.324,1.176
German Bundesliga,2016/17,Werder Bremen,34.0,12.0,14.0,8.0,8.0,1.0,3.0,0.0,3.0,5.0,13.0,45.0,61.0,64.0,0.9705882352941176,3.911764705882353,0.4631352941176471,66.67,33.33,25.0,21.43,0.0,62.5,38.24,1.324,1.794,1.882
German Bundesliga,2016/17,Wolfsburg,34.0,9.0,11.0,14.0,7.0,0.0,2.0,1.0,3.0,2.0,16.0,37.0,34.0,52.0,1.088235294117647,3.8529411764705883,0.5973161290322582,77.78,22.22,22.22,36.36,9.09,14.29,47.06,1.088,1.0,1.529
German Bundesliga,2017/18,Augsburg,34.0,11.0,15.0,8.0,9.0,1.0,1.0,1.0,3.0,0.0,7.0,41.0,43.0,46.0,0.6470588235294118,3.6470588235294117,0.47688387096774193,81.82,18.18,9.09,26.67,6.67,0.0,20.59,1.206,1.265,1.353
German Bundesliga,2017/18,Bayern Munich,34.0,19.0,5.0,10.0,17.0,2.0,0.0,2.0,0.0,8.0,13.0,84.0,92.0,28.0,1.4411764705882353,2.735294117647059,0.5215727272727273,89.47,10.53,0.0,40.0,40.0,80.0,38.24,2.471,2.706,0.824
German Bundesliga,2017/18,Dortmund,34.0,15.0,9.0,10.0,12.0,3.0,0.0,1.0,1.0,2.0,9.0,55.0,64.0,47.0,0.9705882352941176,3.088235294117647,0.513171875,80.0,20.0,0.0,22.22,11.11,20.0,26.47,1.618,1.882,1.382
German Bundesliga,2017/18,Ein Frankfurt,34.0,15.0,11.0,8.0,11.0,4.0,0.0,0.0,1.0,3.0,11.0,49.0,45.0,45.0,0.6764705882352942,3.764705882352941,0.4555575757575757,73.33,26.67,0.0,9.09,0.0,37.5,32.35,1.441,1.324,1.324
German Bundesliga,2017/18,FC Koln,34.0,9.0,18.0,7.0,3.0,2.0,4.0,1.0,2.0,1.0,13.0,22.0,35.0,70.0,1.1176470588235294,3.7058823529411766,0.58735625,33.33,66.67,44.44,16.67,5.56,14.29,38.24,0.647,1.029,2.059
German Bundesliga,2017/18,Freiburg,34.0,5.0,12.0,17.0,4.0,0.0,1.0,1.0,1.0,3.0,9.0,36.0,32.0,56.0,0.7647058823529411,3.264705882352941,0.6557857142857143,80.0,20.0,20.0,16.67,8.33,17.65,26.47,1.059,0.941,1.647
German Bundesliga,2017/18,Hamburg,34.0,6.0,13.0,15.0,5.0,0.0,1.0,0.0,1.0,3.0,11.0,31.0,29.0,53.0,0.8529411764705882,3.764705882352941,0.54556,83.33,16.67,16.67,7.69,0.0,20.0,32.35,0.912,0.853,1.559
German Bundesliga,2017/18,Hannover,34.0,6.0,10.0,18.0,4.0,2.0,0.0,1.0,2.0,5.0,18.0,39.0,44.0,54.0,0.9705882352941176,3.8823529411764706,0.628030303030303,66.67,33.33,0.0,30.0,10.0,27.78,52.94,1.147,1.294,1.588
German Bundesliga,2017/18,Hertha,34.0,8.0,13.0,13.0,6.0,1.0,1.0,2.0,5.0,2.0,15.0,43.0,43.0,46.0,0.9117647058823529,3.2058823529411766,0.63389,75.0,25.0,12.5,53.85,15.38,15.38,44.12,1.265,1.265,1.353
German Bundesliga,2017/18,Hoffenheim,34.0,15.0,7.0,12.0,10.0,3.0,2.0,0.0,2.0,5.0,14.0,55.0,66.0,48.0,1.2941176470588236,3.235294117647059,0.6490235294117648,66.67,33.33,13.33,28.57,0.0,41.67,41.18,1.618,1.941,1.412
German Bundesliga,2017/18,Leverkusen,34.0,11.0,11.0,12.0,9.0,2.0,0.0,2.0,2.0,4.0,12.0,55.0,58.0,44.0,1.1176470588235294,4.205882352941177,0.595967741935484,81.82,18.18,0.0,36.36,18.18,33.33,35.29,1.618,1.706,1.294
German Bundesliga,2017/18,M'gladbach,34.0,11.0,14.0,9.0,7.0,3.0,1.0,2.0,2.0,4.0,14.0,47.0,47.0,52.0,1.0294117647058822,3.0588235294117645,0.48448484848484846,63.64,36.36,9.09,28.57,14.29,44.44,41.18,1.382,1.382,1.529
German Bundesliga,2017/18,Mainz,34.0,6.0,10.0,18.0,5.0,1.0,0.0,0.0,4.0,4.0,19.0,36.0,38.0,52.0,0.9411764705882353,4.235294117647059,0.531771875,83.33,16.67,0.0,40.0,0.0,22.22,55.88,1.059,1.118,1.529
German Bundesliga,2017/18,RB Leipzig,34.0,13.0,11.0,10.0,10.0,2.0,1.0,1.0,2.0,4.0,12.0,53.0,57.0,53.0,0.9411764705882353,3.6470588235294117,0.5112575757575758,76.92,23.08,7.69,27.27,9.09,40.0,35.29,1.559,1.676,1.559
German Bundesliga,2017/18,Schalke 04,34.0,16.0,7.0,11.0,10.0,5.0,1.0,0.0,3.0,8.0,19.0,63.0,53.0,37.0,1.0294117647058822,3.9705882352941178,0.5313705882352942,62.5,37.5,6.25,42.86,0.0,72.73,55.88,1.853,1.559,1.088
German Bundesliga,2017/18,Stuttgart,34.0,12.0,8.0,14.0,11.0,1.0,0.0,0.0,1.0,4.0,12.0,51.0,36.0,36.0,0.7058823529411765,3.2058823529411766,0.5151062499999999,91.67,8.33,0.0,12.5,0.0,28.57,35.29,1.5,1.059,1.059
German Bundesliga,2017/18,Werder Bremen,34.0,9.0,12.0,13.0,7.0,2.0,0.0,1.0,4.0,2.0,14.0,42.0,37.0,40.0,0.7941176470588235,3.088235294117647,0.4770103448275862,77.78,22.22,0.0,41.67,8.33,15.38,41.18,1.235,1.088,1.176
German Bundesliga,2017/18,Wolfsburg,34.0,10.0,11.0,13.0,4.0,4.0,2.0,0.0,2.0,2.0,12.0,33.0,36.0,48.0,0.6764705882352942,3.7058823529411766,0.5511133333333333,40.0,60.0,20.0,18.18,0.0,15.38,35.29,0.971,1.059,1.412
German Bundesliga,2018/19,Augsburg,34.0,11.0,11.0,12.0,6.0,3.0,2.0,2.0,0.0,0.0,14.0,32.0,51.0,71.0,1.2058823529411764,3.264705882352941,0.6219677419354838,54.55,45.45,18.18,18.18,18.18,0.0,41.18,0.941,1.5,2.088
German Bundesliga,2018/19,Bayern Munich,34.0,21.0,2.0,11.0,18.0,1.0,2.0,0.0,0.0,6.0,9.0,78.0,88.0,32.0,1.2352941176470589,3.264705882352941,0.5803030303030302,85.71,14.29,9.52,0.0,0.0,54.55,26.47,2.294,2.588,0.941
German Bundesliga,2018/19,Dortmund,34.0,17.0,9.0,8.0,15.0,2.0,0.0,4.0,1.0,4.0,11.0,76.0,81.0,44.0,1.1764705882352942,3.3823529411764706,0.5298375000000001,88.24,11.76,0.0,55.56,44.44,50.0,32.35,2.235,2.382,1.294
German Bundesliga,2018/19,Ein Frankfurt,34.0,12.0,8.0,14.0,10.0,2.0,0.0,0.0,0.0,5.0,9.0,54.0,60.0,48.0,1.0,3.8823529411764706,0.5726593750000001,83.33,16.67,0.0,0.0,0.0,35.71,26.47,1.588,1.765,1.412
German Bundesliga,2018/19,Fortuna Dusseldorf,34.0,8.0,10.0,16.0,7.0,0.0,1.0,1.0,2.0,5.0,17.0,44.0,49.0,65.0,1.4411764705882353,3.8529411764705883,0.6835212121212121,87.5,12.5,12.5,30.0,10.0,31.25,50.0,1.294,1.441,1.912
German Bundesliga,2018/19,Freiburg,34.0,9.0,10.0,15.0,6.0,2.0,1.0,0.0,0.0,2.0,8.0,36.0,46.0,61.0,0.8529411764705882,3.5294117647058822,0.51563125,66.67,33.33,11.11,0.0,0.0,13.33,23.53,1.059,1.353,1.794
German Bundesliga,2018/19,Hannover,34.0,6.0,15.0,13.0,4.0,1.0,1.0,0.0,0.0,1.0,10.0,21.0,31.0,71.0,1.0294117647058822,3.588235294117647,0.6197937499999999,66.67,33.33,16.67,0.0,0.0,7.69,29.41,0.618,0.912,2.088
German Bundesliga,2018/19,Hertha,34.0,11.0,9.0,14.0,8.0,1.0,2.0,1.0,1.0,2.0,11.0,43.0,49.0,57.0,0.9411764705882353,3.264705882352941,0.503458064516129,72.73,27.27,18.18,22.22,11.11,14.29,32.35,1.265,1.441,1.676
German Bundesliga,2018/19,Hoffenheim,34.0,15.0,9.0,10.0,7.0,7.0,1.0,2.0,2.0,4.0,19.0,51.0,70.0,52.0,1.3235294117647058,3.7941176470588234,0.6059939393939393,46.67,53.33,6.67,44.44,22.22,40.0,55.88,1.5,2.059,1.529
German Bundesliga,2018/19,Leverkusen,34.0,14.0,8.0,12.0,10.0,2.0,2.0,1.0,0.0,7.0,15.0,58.0,69.0,52.0,1.3529411764705883,3.6470588235294117,0.5699545454545454,71.43,28.57,14.29,12.5,12.5,58.33,44.12,1.706,2.029,1.529
German Bundesliga,2018/19,M'gladbach,34.0,6.0,11.0,17.0,6.0,0.0,0.0,0.0,3.0,10.0,16.0,55.0,55.0,42.0,1.3529411764705883,3.088235294117647,0.6585878787878787,100.0,0.0,0.0,27.27,0.0,58.82,47.06,1.618,1.618,1.235
German Bundesliga,2018/19,Mainz,34.0,6.0,13.0,15.0,5.0,1.0,0.0,1.0,2.0,6.0,15.0,43.0,46.0,57.0,1.1176470588235294,3.2058823529411766,0.598440625,83.33,16.67,0.0,23.08,7.69,40.0,44.12,1.265,1.353,1.676
German Bundesliga,2018/19,Nurnberg,34.0,4.0,16.0,14.0,1.0,1.0,2.0,0.0,4.0,2.0,16.0,19.0,26.0,68.0,1.3529411764705883,3.5294117647058822,0.634921212121212,25.0,75.0,50.0,25.0,0.0,14.29,47.06,0.559,0.765,2.0
German Bundesliga,2018/19,RB Leipzig,34.0,17.0,7.0,10.0,16.0,1.0,0.0,1.0,2.0,2.0,8.0,66.0,63.0,29.0,0.8529411764705882,3.6176470588235294,0.4867862068965518,94.12,5.88,0.0,42.86,14.29,20.0,23.53,1.941,1.853,0.853
German Bundesliga,2018/19,Schalke 04,34.0,5.0,14.0,15.0,5.0,0.0,0.0,0.0,2.0,3.0,10.0,33.0,37.0,55.0,0.8823529411764706,4.411764705882353,0.56786,100.0,0.0,0.0,14.29,0.0,20.0,29.41,0.971,1.088,1.618
German Bundesliga,2018/19,Stuttgart,34.0,4.0,16.0,14.0,4.0,0.0,0.0,1.0,3.0,2.0,14.0,28.0,32.0,70.0,1.2647058823529411,3.823529411764706,0.62344375,100.0,0.0,0.0,25.0,6.25,14.29,41.18,0.824,0.941,2.059
German Bundesliga,2018/19,Werder Bremen,34.0,12.0,11.0,11.0,11.0,1.0,0.0,0.0,4.0,3.0,10.0,53.0,58.0,49.0,0.6176470588235294,3.676470588235294,0.5497588235294117,91.67,8.33,0.0,36.36,0.0,27.27,29.41,1.559,1.706,1.441
German Bundesliga,2018/19,Wolfsburg,34.0,10.0,9.0,15.0,9.0,1.0,0.0,0.0,0.0,7.0,10.0,55.0,62.0,50.0,1.1764705882352942,3.8823529411764706,0.6236757575757576,90.0,10.0,0.0,0.0,0.0,46.67,29.41,1.618,1.824,1.471
German Bundesliga,2019/20,Augsburg,34.0,10.0,9.0,15.0,6.0,2.0,2.0,1.0,0.0,2.0,13.0,36.0,45.0,63.0,1.1764705882352942,4.029411764705882,0.5862031249999999,60.0,40.0,20.0,11.11,11.11,13.33,38.24,1.059,1.324,1.853
German Bundesliga,2019/20,Bayern Munich,34.0,21.0,3.0,10.0,21.0,0.0,0.0,0.0,1.0,5.0,8.0,82.0,100.0,32.0,1.3235294117647058,3.4411764705882355,0.5072848484848486,100.0,0.0,0.0,33.33,0.0,50.0,23.53,2.412,2.941,0.941
German Bundesliga,2019/20,Dortmund,34.0,16.0,7.0,11.0,12.0,3.0,1.0,2.0,1.0,7.0,16.0,69.0,84.0,41.0,1.8529411764705883,3.088235294117647,0.6299121212121213,75.0,25.0,6.25,42.86,28.57,63.64,47.06,2.029,2.471,1.206
German Bundesliga,2019/20,Ein Frankfurt,34.0,10.0,15.0,9.0,8.0,0.0,2.0,2.0,3.0,3.0,13.0,45.0,59.0,60.0,1.2352941176470589,4.382352941176471,0.6617000000000001,80.0,20.0,20.0,33.33,13.33,33.33,38.24,1.324,1.735,1.765
German Bundesliga,2019/20,FC Koln,34.0,11.0,19.0,4.0,7.0,2.0,2.0,2.0,2.0,1.0,10.0,36.0,51.0,69.0,1.2352941176470589,4.411764705882353,0.5780852941176471,63.64,36.36,18.18,21.05,10.53,25.0,29.41,1.059,1.5,2.029
German Bundesliga,2019/20,Fortuna Dusseldorf,34.0,9.0,12.0,13.0,4.0,3.0,2.0,0.0,2.0,2.0,13.0,30.0,36.0,67.0,1.1764705882352942,4.323529411764706,0.6176818181818181,44.44,55.56,22.22,16.67,0.0,15.38,38.24,0.882,1.059,1.971
German Bundesliga,2019/20,Freiburg,34.0,9.0,11.0,14.0,7.0,1.0,1.0,0.0,4.0,6.0,16.0,48.0,48.0,47.0,0.9705882352941176,3.7058823529411766,0.5563735294117647,77.78,22.22,11.11,36.36,0.0,42.86,47.06,1.412,1.412,1.382
German Bundesliga,2019/20,Hertha,34.0,9.0,13.0,12.0,6.0,2.0,1.0,0.0,3.0,5.0,15.0,41.0,48.0,59.0,1.3235294117647058,4.117647058823529,0.66563125,66.67,33.33,11.11,23.08,0.0,41.67,44.12,1.206,1.412,1.735
German Bundesliga,2019/20,Hoffenheim,34.0,7.0,14.0,13.0,6.0,1.0,0.0,3.0,2.0,6.0,15.0,52.0,53.0,53.0,1.1764705882352942,4.5,0.5277787878787878,85.71,14.29,0.0,35.71,21.43,46.15,44.12,1.529,1.559,1.559
German Bundesliga,2019/20,Leverkusen,34.0,14.0,6.0,14.0,14.0,0.0,0.0,0.0,0.0,5.0,8.0,63.0,61.0,44.0,0.8235294117647058,3.911764705882353,0.5023818181818182,100.0,0.0,0.0,0.0,0.0,35.71,23.53,1.853,1.794,1.294
German Bundesliga,2019/20,M'gladbach,34.0,14.0,5.0,15.0,12.0,2.0,0.0,1.0,0.0,7.0,15.0,65.0,66.0,40.0,0.9411764705882353,5.029411764705882,0.6112935483870967,85.71,14.29,0.0,20.0,20.0,46.67,44.12,1.912,1.941,1.176
German Bundesliga,2019/20,Mainz,34.0,9.0,15.0,10.0,9.0,0.0,0.0,1.0,1.0,1.0,9.0,37.0,44.0,65.0,1.1176470588235294,4.647058823529412,0.4665575757575757,100.0,0.0,0.0,13.33,6.67,10.0,26.47,1.088,1.294,1.912
German Bundesliga,2019/20,Paderborn,34.0,4.0,18.0,12.0,2.0,2.0,0.0,0.0,1.0,2.0,10.0,20.0,37.0,74.0,0.9705882352941176,4.5588235294117645,0.47916875,50.0,50.0,0.0,5.56,0.0,16.67,29.41,0.588,1.088,2.176
German Bundesliga,2019/20,RB Leipzig,34.0,17.0,8.0,9.0,16.0,1.0,0.0,2.0,3.0,0.0,7.0,66.0,81.0,37.0,1.0588235294117647,3.8823529411764706,0.5445343749999999,94.12,5.88,0.0,62.5,25.0,0.0,20.59,1.941,2.382,1.088
German Bundesliga,2019/20,Schalke 04,34.0,7.0,11.0,16.0,4.0,3.0,0.0,0.0,0.0,5.0,10.0,39.0,38.0,58.0,1.0294117647058822,4.147058823529412,0.67945,57.14,42.86,0.0,0.0,0.0,31.25,29.41,1.147,1.118,1.706
German Bundesliga,2019/20,Union Berlin,34.0,9.0,9.0,16.0,7.0,1.0,1.0,0.0,0.0,5.0,14.0,41.0,41.0,58.0,1.088235294117647,3.8823529411764706,0.5877470588235295,77.78,22.22,11.11,0.0,0.0,31.25,41.18,1.206,1.206,1.706
German Bundesliga,2019/20,Werder Bremen,34.0,11.0,12.0,11.0,6.0,3.0,2.0,0.0,1.0,2.0,14.0,31.0,42.0,69.0,1.0294117647058822,5.0,0.535639393939394,54.55,45.45,18.18,8.33,0.0,18.18,41.18,0.912,1.235,2.029
German Bundesliga,2019/20,Wolfsburg,34.0,10.0,10.0,14.0,9.0,1.0,0.0,0.0,3.0,4.0,12.0,49.0,48.0,46.0,0.8823529411764706,4.294117647058823,0.6072937500000001,90.0,10.0,0.0,30.0,0.0,28.57,35.29,1.441,1.412,1.353
German Bundesliga,2020/21,Augsburg,34.0,8.0,13.0,13.0,5.0,2.0,1.0,0.0,1.0,5.0,14.0,36.0,36.0,54.0,1.088235294117647,3.823529411764706,0.60714375,62.5,37.5,12.5,7.69,0.0,38.46,41.18,1.059,1.059,1.588
German Bundesliga,2020/21,Bayern Munich,34.0,19.0,7.0,8.0,19.0,0.0,0.0,1.0,3.0,4.0,9.0,78.0,99.0,44.0,1.1764705882352942,2.8823529411764706,0.4144558823529412,100.0,0.0,0.0,57.14,14.29,50.0,26.47,2.294,2.912,1.294
German Bundesliga,2020/21,Bielefeld,34.0,4.0,10.0,20.0,3.0,1.0,0.0,0.0,0.0,6.0,14.0,35.0,26.0,52.0,0.9705882352941176,3.4411764705882355,0.7233366666666666,75.0,25.0,0.0,0.0,0.0,30.0,41.18,1.029,0.765,1.529
German Bundesliga,2020/21,Dortmund,34.0,9.0,6.0,19.0,9.0,0.0,0.0,2.0,1.0,9.0,19.0,64.0,75.0,46.0,1.4411764705882353,3.235294117647059,0.6840323529411765,100.0,0.0,0.0,50.0,33.33,47.37,55.88,1.882,2.206,1.353
German Bundesliga,2020/21,Ein Frankfurt,34.0,13.0,5.0,16.0,8.0,4.0,1.0,1.0,2.0,7.0,18.0,60.0,69.0,53.0,1.2058823529411764,4.352941176470588,0.6429941176470589,61.54,38.46,7.69,60.0,20.0,43.75,52.94,1.765,2.029,1.559
German Bundesliga,2020/21,FC Koln,34.0,6.0,10.0,18.0,4.0,1.0,1.0,0.0,1.0,4.0,14.0,33.0,34.0,60.0,0.8823529411764706,3.676470588235294,0.6457,66.67,33.33,16.67,10.0,0.0,22.22,41.18,0.971,1.0,1.765
German Bundesliga,2020/21,Freiburg,34.0,8.0,9.0,17.0,7.0,0.0,1.0,0.0,1.0,5.0,11.0,45.0,52.0,52.0,1.088235294117647,3.4411764705882355,0.6116181818181818,87.5,12.5,12.5,11.11,0.0,29.41,32.35,1.324,1.529,1.529
German Bundesliga,2020/21,Hertha,34.0,7.0,13.0,14.0,5.0,0.0,2.0,2.0,2.0,1.0,11.0,35.0,41.0,52.0,1.0588235294117647,4.147058823529412,0.5349758620689655,71.43,28.57,28.57,30.77,15.38,7.14,32.35,1.029,1.206,1.529
German Bundesliga,2020/21,Hoffenheim,34.0,8.0,15.0,11.0,6.0,1.0,1.0,4.0,2.0,1.0,12.0,43.0,52.0,54.0,1.1764705882352942,3.3823529411764706,0.4833354838709678,75.0,25.0,12.5,40.0,26.67,9.09,35.29,1.265,1.529,1.588
German Bundesliga,2020/21,Leverkusen,34.0,14.0,6.0,14.0,11.0,3.0,0.0,0.0,1.0,3.0,12.0,52.0,53.0,39.0,0.7058823529411765,3.264705882352941,0.57199,78.57,21.43,0.0,16.67,0.0,21.43,35.29,1.529,1.559,1.147
German Bundesliga,2020/21,M'gladbach,34.0,13.0,6.0,15.0,6.0,3.0,4.0,2.0,2.0,5.0,21.0,49.0,64.0,56.0,1.3529411764705883,4.147058823529412,0.6246030303030302,46.15,53.85,30.77,66.67,33.33,33.33,61.76,1.441,1.882,1.647
German Bundesliga,2020/21,Mainz,34.0,11.0,9.0,14.0,6.0,3.0,2.0,0.0,1.0,4.0,15.0,39.0,39.0,56.0,0.9411764705882353,4.147058823529412,0.51763125,54.55,45.45,18.18,11.11,0.0,28.57,44.12,1.147,1.147,1.647
German Bundesliga,2020/21,RB Leipzig,34.0,11.0,6.0,17.0,11.0,0.0,0.0,1.0,3.0,7.0,16.0,65.0,60.0,32.0,0.9411764705882353,3.6176470588235294,0.61979375,100.0,0.0,0.0,66.67,16.67,41.18,47.06,1.912,1.765,0.941
German Bundesliga,2020/21,Schalke 04,34.0,5.0,18.0,11.0,2.0,2.0,1.0,0.0,2.0,1.0,13.0,16.0,25.0,86.0,1.5294117647058822,4.0588235294117645,0.6132125,40.0,60.0,20.0,11.11,0.0,9.09,38.24,0.471,0.735,2.529
German Bundesliga,2020/21,Stuttgart,34.0,10.0,13.0,11.0,6.0,3.0,1.0,1.0,4.0,5.0,18.0,45.0,56.0,55.0,1.1764705882352942,4.088235294117647,0.6195411764705883,60.0,40.0,10.0,38.46,7.69,45.45,52.94,1.324,1.647,1.618
German Bundesliga,2020/21,Union Berlin,34.0,8.0,7.0,19.0,4.0,3.0,1.0,1.0,1.0,7.0,15.0,50.0,50.0,43.0,0.9117647058823529,3.676470588235294,0.584671875,50.0,50.0,12.5,28.57,14.29,36.84,44.12,1.471,1.471,1.265
German Bundesliga,2020/21,Werder Bremen,34.0,4.0,14.0,16.0,3.0,1.0,0.0,1.0,1.0,3.0,11.0,31.0,36.0,57.0,0.7058823529411765,4.117647058823529,0.56171875,75.0,25.0,0.0,14.29,7.14,18.75,32.35,0.912,1.059,1.676
German Bundesliga,2020/21,Wolfsburg,34.0,15.0,6.0,13.0,13.0,2.0,0.0,0.0,1.0,4.0,9.0,61.0,61.0,37.0,0.8235294117647058,3.676470588235294,0.4810645161290323,86.67,13.33,0.0,16.67,0.0,30.77,26.47,1.794,1.794,1.088
German Bundesliga,2021/22,Augsburg,34.0,7.0,15.0,12.0,5.0,1.0,1.0,0.0,3.0,5.0,13.0,38.0,39.0,56.0,1.0,3.911764705882353,0.5005387096774193,71.43,28.57,14.29,20.0,0.0,41.67,38.24,1.118,1.147,1.647
German Bundesliga,2021/22,Bayern Munich,34.0,19.0,6.0,9.0,17.0,2.0,0.0,2.0,0.0,5.0,10.0,77.0,97.0,37.0,1.2352941176470589,2.5588235294117645,0.4806058823529412,89.47,10.53,0.0,33.33,33.33,55.56,29.41,2.265,2.853,1.088
German Bundesliga,2021/22,Bielefeld,34.0,4.0,14.0,16.0,2.0,2.0,0.0,0.0,5.0,3.0,17.0,28.0,27.0,53.0,0.9705882352941176,3.411764705882353,0.5833312500000001,50.0,50.0,0.0,35.71,0.0,18.75,50.0,0.824,0.794,1.559
German Bundesliga,2021/22,Bochum,34.0,8.0,11.0,15.0,6.0,1.0,1.0,0.0,2.0,6.0,16.0,42.0,38.0,52.0,0.9705882352941176,3.676470588235294,0.5866843750000001,75.0,25.0,12.5,18.18,0.0,40.0,47.06,1.235,1.118,1.529
German Bundesliga,2021/22,Dortmund,34.0,15.0,11.0,8.0,13.0,1.0,1.0,3.0,1.0,6.0,13.0,69.0,85.0,52.0,1.0,3.911764705882353,0.5385205882352941,86.67,13.33,6.67,36.36,27.27,75.0,38.24,2.029,2.5,1.529
German Bundesliga,2021/22,Ein Frankfurt,34.0,8.0,12.0,14.0,4.0,3.0,1.0,1.0,2.0,5.0,14.0,42.0,45.0,49.0,0.7352941176470589,3.6470588235294117,0.48733225806451613,50.0,50.0,12.5,25.0,8.33,35.71,41.18,1.235,1.324,1.441
German Bundesliga,2021/22,FC Koln,34.0,8.0,11.0,15.0,5.0,3.0,0.0,2.0,3.0,7.0,19.0,52.0,52.0,49.0,1.1176470588235294,3.9411764705882355,0.6166676470588235,62.5,37.5,0.0,45.45,18.18,46.67,55.88,1.529,1.529,1.441
German Bundesliga,2021/22,Freiburg,34.0,15.0,9.0,10.0,13.0,2.0,0.0,0.0,4.0,2.0,12.0,55.0,58.0,46.0,0.6470588235294118,3.0,0.4821466666666667,86.67,13.33,0.0,44.44,0.0,20.0,35.29,1.618,1.706,1.353
German Bundesliga,2021/22,Greuther Furth,34.0,6.0,15.0,13.0,2.0,1.0,3.0,0.0,1.0,1.0,11.0,18.0,28.0,82.0,1.1470588235294117,3.2941176470588234,0.6138793103448277,33.33,66.67,50.0,6.67,0.0,7.69,32.35,0.529,0.824,2.412
German Bundesliga,2021/22,Hertha,34.0,9.0,17.0,8.0,5.0,3.0,1.0,1.0,1.0,3.0,12.0,33.0,37.0,71.0,1.1470588235294117,3.264705882352941,0.5769878787878787,55.56,44.44,11.11,11.76,5.88,37.5,35.29,0.971,1.088,2.088
German Bundesliga,2021/22,Hoffenheim,34.0,10.0,10.0,14.0,8.0,1.0,1.0,1.0,2.0,4.0,15.0,46.0,58.0,60.0,1.2058823529411764,3.676470588235294,0.56034375,80.0,20.0,10.0,30.0,10.0,28.57,44.12,1.353,1.706,1.765
German Bundesliga,2021/22,Leverkusen,34.0,18.0,3.0,13.0,14.0,2.0,2.0,1.0,1.0,4.0,15.0,64.0,80.0,47.0,1.3235294117647058,3.5,0.5513727272727272,77.78,22.22,11.11,66.67,33.33,30.77,44.12,1.882,2.353,1.382
German Bundesliga,2021/22,M'gladbach,34.0,16.0,8.0,10.0,10.0,5.0,1.0,0.0,1.0,2.0,14.0,45.0,54.0,61.0,1.0588235294117647,4.235294117647059,0.4063705882352941,62.5,37.5,6.25,12.5,0.0,20.0,41.18,1.324,1.588,1.794
German Bundesliga,2021/22,Mainz,34.0,13.0,12.0,9.0,8.0,2.0,3.0,1.0,3.0,4.0,16.0,46.0,50.0,45.0,1.0294117647058822,3.9705882352941178,0.5432281250000001,61.54,38.46,23.08,33.33,8.33,44.44,47.06,1.353,1.471,1.324
German Bundesliga,2021/22,RB Leipzig,34.0,15.0,8.0,11.0,12.0,3.0,0.0,1.0,1.0,4.0,13.0,58.0,72.0,37.0,1.3235294117647058,3.5588235294117645,0.6558424242424242,80.0,20.0,0.0,25.0,12.5,36.36,38.24,1.706,2.118,1.088
German Bundesliga,2021/22,Stuttgart,34.0,6.0,16.0,12.0,4.0,2.0,0.0,2.0,4.0,1.0,14.0,33.0,41.0,59.0,1.0294117647058822,3.735294117647059,0.5499999999999999,66.67,33.33,0.0,37.5,12.5,8.33,41.18,0.971,1.206,1.735
German Bundesliga,2021/22,Union Berlin,34.0,11.0,10.0,13.0,8.0,3.0,0.0,1.0,2.0,7.0,15.0,57.0,50.0,44.0,0.7647058823529411,3.5,0.49672499999999997,72.73,27.27,0.0,30.0,10.0,53.85,44.12,1.676,1.471,1.294
German Bundesliga,2021/22,Wolfsburg,34.0,11.0,11.0,12.0,8.0,2.0,1.0,0.0,3.0,4.0,17.0,42.0,43.0,54.0,1.1764705882352942,3.8529411764705883,0.5303757575757576,72.73,27.27,9.09,27.27,0.0,33.33,50.0,1.235,1.265,1.588
German Bundesliga,2022/23,Augsburg,34.0,5.0,9.0,20.0,1.0,3.0,1.0,0.0,2.0,8.0,24.0,34.0,42.0,63.0,1.1176470588235294,4.882352941176471,0.5898058823529411,20.0,80.0,20.0,22.22,0.0,40.0,70.59,1.0,1.235,1.853
German Bundesliga,2022/23,Bayern Munich,34.0,26.0,2.0,6.0,18.0,5.0,3.0,0.0,2.0,3.0,15.0,71.0,92.0,38.0,1.2058823529411764,3.0,0.5144647058823528,69.23,30.77,11.54,100.0,0.0,50.0,44.12,2.088,2.706,1.118
German Bundesliga,2022/23,Bochum,34.0,7.0,16.0,11.0,6.0,1.0,0.0,0.0,1.0,4.0,10.0,35.0,40.0,72.0,1.0,3.7941176470588234,0.5437647058823529,85.71,14.29,0.0,6.25,0.0,36.36,29.41,1.029,1.176,2.118
German Bundesliga,2022/23,Dortmund,34.0,18.0,8.0,8.0,14.0,2.0,2.0,1.0,2.0,7.0,14.0,71.0,83.0,44.0,1.2352941176470589,4.4411764705882355,0.4483205882352941,77.78,22.22,11.11,37.5,12.5,87.5,41.18,2.088,2.441,1.294
German Bundesliga,2022/23,Ein Frankfurt,34.0,13.0,10.0,11.0,11.0,2.0,0.0,1.0,4.0,1.0,13.0,50.0,58.0,52.0,1.0,4.5,0.5069970588235293,84.62,15.38,0.0,50.0,10.0,9.09,38.24,1.471,1.706,1.529
German Bundesliga,2022/23,FC Koln,34.0,9.0,13.0,12.0,6.0,2.0,1.0,2.0,2.0,2.0,11.0,42.0,49.0,54.0,1.0,4.294117647058823,0.5336620689655173,66.67,33.33,11.11,30.77,15.38,16.67,32.35,1.235,1.441,1.588
German Bundesliga,2022/23,Freiburg,34.0,11.0,6.0,17.0,8.0,1.0,2.0,2.0,1.0,7.0,17.0,59.0,51.0,44.0,1.3529411764705883,4.382352941176471,0.6967774193548386,72.73,27.27,18.18,50.0,33.33,41.18,50.0,1.735,1.5,1.294
German Bundesliga,2022/23,Hertha,34.0,5.0,17.0,12.0,2.0,3.0,0.0,1.0,0.0,4.0,11.0,29.0,42.0,69.0,0.9117647058823529,3.8529411764705883,0.5355029411764705,40.0,60.0,0.0,5.88,5.88,33.33,32.35,0.853,1.235,2.029
German Bundesliga,2022/23,Hoffenheim,34.0,8.0,14.0,12.0,7.0,0.0,1.0,0.0,1.0,3.0,9.0,36.0,48.0,57.0,0.6470588235294118,4.411764705882353,0.4354939393939394,87.5,12.5,12.5,7.14,0.0,25.0,26.47,1.059,1.412,1.676
German Bundesliga,2022/23,Leverkusen,34.0,11.0,12.0,11.0,9.0,1.0,1.0,2.0,1.0,3.0,10.0,50.0,57.0,49.0,1.0588235294117647,5.264705882352941,0.5677062500000001,81.82,18.18,9.09,25.0,16.67,27.27,29.41,1.471,1.676,1.441
German Bundesliga,2022/23,M'gladbach,34.0,12.0,9.0,13.0,9.0,2.0,1.0,0.0,2.0,2.0,12.0,43.0,52.0,55.0,1.0,4.029411764705882,0.5466666666666666,75.0,25.0,8.33,22.22,0.0,15.38,35.29,1.265,1.529,1.618
German Bundesliga,2022/23,Mainz,34.0,12.0,12.0,10.0,8.0,4.0,0.0,1.0,2.0,3.0,13.0,46.0,54.0,55.0,1.0294117647058822,4.323529411764706,0.4905454545454546,66.67,33.33,0.0,25.0,8.33,30.0,38.24,1.353,1.588,1.618
German Bundesliga,2022/23,RB Leipzig,34.0,16.0,10.0,8.0,15.0,0.0,1.0,1.0,3.0,4.0,10.0,66.0,64.0,41.0,1.1176470588235294,4.5588235294117645,0.541269696969697,93.75,6.25,6.25,40.0,10.0,50.0,29.41,1.941,1.882,1.206
German Bundesliga,2022/23,Schalke 04,34.0,7.0,15.0,12.0,6.0,1.0,0.0,1.0,1.0,0.0,7.0,31.0,35.0,71.0,1.0294117647058822,4.411764705882353,0.5935172413793105,85.71,14.29,0.0,13.33,6.67,0.0,20.59,0.912,1.029,2.088
German Bundesliga,2022/23,Stuttgart,34.0,5.0,12.0,17.0,4.0,0.0,1.0,0.0,3.0,3.0,12.0,33.0,45.0,57.0,0.8529411764705882,4.588235294117647,0.5500030303030303,80.0,20.0,20.0,25.0,0.0,17.65,35.29,0.971,1.324,1.676
German Bundesliga,2022/23,Union Berlin,34.0,9.0,9.0,16.0,8.0,1.0,0.0,3.0,0.0,7.0,13.0,62.0,51.0,38.0,1.0,3.8529411764705883,0.5709566666666667,88.89,11.11,0.0,33.33,33.33,43.75,38.24,1.824,1.5,1.118
German Bundesliga,2022/23,Werder Bremen,34.0,7.0,8.0,19.0,5.0,1.0,1.0,1.0,1.0,4.0,19.0,36.0,51.0,64.0,0.9411764705882353,4.235294117647059,0.690335294117647,71.43,28.57,14.29,25.0,12.5,21.05,55.88,1.059,1.5,1.882
German Bundesliga,2022/23,Wolfsburg,34.0,11.0,10.0,13.0,9.0,1.0,1.0,0.0,2.0,4.0,10.0,49.0,57.0,48.0,0.9705882352941176,4.235294117647059,0.5220451612903225,81.82,18.18,9.09,20.0,0.0,30.77,29.41,1.441,1.676,1.412
German Bundesliga,2023/24,Augsburg,34.0,7.0,15.0,12.0,5.0,1.0,1.0,3.0,2.0,2.0,13.0,39.0,50.0,60.0,0.9117647058823529,4.0588235294117645,0.4495823529411765,71.43,28.57,14.29,33.33,20.0,16.67,38.24,1.147,1.471,1.765
German Bundesliga,2023/24,Bayern Munich,34.0,18.0,6.0,10.0,16.0,0.0,2.0,1.0,1.0,6.0,12.0,72.0,94.0,45.0,1.6764705882352942,3.3529411764705883,0.5486970588235295,88.89,11.11,11.11,33.33,16.67,60.0,35.29,2.118,2.765,1.324
German Bundesliga,2023/24,Bochum,34.0,10.0,12.0,12.0,5.0,5.0,0.0,0.0,0.0,2.0,10.0,33.0,42.0,74.0,1.0,5.176470588235294,0.55409375,50.0,50.0,0.0,0.0,0.0,16.67,29.41,0.971,1.235,2.176
German Bundesliga,2023/24,Darmstadt,34.0,2.0,19.0,13.0,1.0,1.0,0.0,0.0,3.0,2.0,13.0,17.0,30.0,86.0,1.2647058823529411,4.411764705882353,0.54650625,50.0,50.0,0.0,15.79,0.0,15.38,38.24,0.5,0.882,2.529
German Bundesliga,2023/24,Dortmund,34.0,15.0,7.0,12.0,11.0,3.0,1.0,2.0,2.0,5.0,16.0,63.0,68.0,43.0,1.2352941176470589,3.911764705882353,0.4818181818181818,73.33,26.67,6.67,57.14,28.57,41.67,47.06,1.853,2.0,1.265
German Bundesliga,2023/24,Ein Frankfurt,34.0,9.0,13.0,12.0,7.0,2.0,0.0,2.0,5.0,2.0,14.0,47.0,51.0,50.0,0.8823529411764706,3.9705882352941178,0.4765625,77.78,22.22,0.0,53.85,15.38,16.67,41.18,1.382,1.5,1.471
German Bundesliga,2023/24,FC Koln,34.0,3.0,10.0,21.0,1.0,2.0,0.0,1.0,2.0,3.0,18.0,27.0,28.0,60.0,1.0588235294117647,4.5,0.644790625,33.33,66.67,0.0,30.0,10.0,14.29,52.94,0.794,0.824,1.765
German Bundesliga,2023/24,Freiburg,34.0,11.0,8.0,15.0,7.0,0.0,4.0,0.0,1.0,4.0,12.0,42.0,45.0,58.0,0.8823529411764706,4.0588235294117645,0.5016129032258064,63.64,36.36,36.36,12.5,0.0,26.67,35.29,1.235,1.324,1.706
German Bundesliga,2023/24,Heidenheim,34.0,6.0,18.0,10.0,5.0,0.0,1.0,2.0,6.0,3.0,13.0,42.0,50.0,55.0,0.7058823529411765,3.735294117647059,0.49174375000000003,83.33,16.67,16.67,44.44,11.11,30.0,38.24,1.235,1.471,1.618
German Bundesliga,2023/24,Hoffenheim,34.0,13.0,13.0,8.0,8.0,3.0,2.0,3.0,2.0,2.0,16.0,46.0,66.0,66.0,1.088235294117647,4.852941176470588,0.5210088235294118,61.54,38.46,15.38,38.46,23.08,25.0,47.06,1.353,1.941,1.941
German Bundesliga,2023/24,Leverkusen,34.0,22.0,4.0,8.0,22.0,0.0,0.0,2.0,2.0,4.0,8.0,90.0,89.0,24.0,1.2647058823529411,3.8529411764705883,0.5626272727272729,100.0,0.0,0.0,100.0,50.0,50.0,23.53,2.647,2.618,0.706
German Bundesliga,2023/24,M'gladbach,34.0,9.0,11.0,14.0,4.0,2.0,3.0,1.0,2.0,2.0,13.0,34.0,56.0,67.0,1.0294117647058822,3.9705882352941178,0.5218935483870968,44.44,55.56,33.33,27.27,9.09,14.29,38.24,1.0,1.647,1.971
German Bundesliga,2023/24,Mainz,34.0,9.0,12.0,13.0,4.0,5.0,0.0,1.0,2.0,2.0,14.0,35.0,39.0,51.0,1.0588235294117647,5.382352941176471,0.46630967741935486,44.44,55.56,0.0,25.0,8.33,15.38,41.18,1.029,1.147,1.5
German Bundesliga,2023/24,RB Leipzig,34.0,15.0,6.0,13.0,11.0,3.0,1.0,1.0,1.0,7.0,15.0,65.0,77.0,39.0,1.2647058823529411,4.617647058823529,0.565775,73.33,26.67,6.67,33.33,16.67,53.85,44.12,1.912,2.265,1.147
German Bundesliga,2023/24,Stuttgart,34.0,19.0,5.0,10.0,16.0,2.0,1.0,1.0,0.0,6.0,12.0,73.0,78.0,39.0,1.2352941176470589,3.9705882352941178,0.6192558823529412,84.21,15.79,5.26,20.0,20.0,60.0,35.29,2.147,2.294,1.147
German Bundesliga,2023/24,Union Berlin,34.0,7.0,14.0,13.0,4.0,1.0,2.0,0.0,1.0,5.0,13.0,33.0,33.0,58.0,1.1470588235294117,3.9705882352941178,0.5759612903225806,57.14,42.86,28.57,7.14,0.0,38.46,38.24,0.971,0.971,1.706
German Bundesliga,2023/24,Werder Bremen,34.0,8.0,11.0,15.0,6.0,2.0,0.0,0.0,0.0,5.0,10.0,42.0,48.0,54.0,0.9411764705882353,4.852941176470588,0.6200970588235294,75.0,25.0,0.0,0.0,0.0,33.33,29.41,1.235,1.412,1.588
German Bundesliga,2023/24,Wolfsburg,34.0,12.0,11.0,11.0,7.0,2.0,3.0,1.0,2.0,2.0,16.0,37.0,41.0,56.0,1.0,5.117647058823529,0.459314705882353,58.33,41.67,25.0,27.27,9.09,18.18,47.06,1.088,1.206,1.647
German Bundesliga,2024/25,Augsburg,34.0,10.0,10.0,14.0,7.0,2.0,1.0,0.0,1.0,4.0,11.0,43.0,35.0,51.0,0.7941176470588235,3.9411764705882355,0.5109241379310345,70.0,30.0,10.0,10.0,0.0,28.57,32.35,1.265,1.029,1.5
German Bundesliga,2024/25,Bayern Munich,34.0,19.0,3.0,12.0,18.0,0.0,1.0,0.0,2.0,7.0,10.0,82.0,99.0,32.0,1.3235294117647058,3.411764705882353,0.5866515151515151,94.74,5.26,5.26,66.67,0.0,58.33,29.41,2.412,2.912,0.941
German Bundesliga,2024/25,Bochum,33.0,7.0,16.0,10.0,3.0,2.0,2.0,1.0,3.0,1.0,16.0,22.0,31.0,67.0,1.1818181818181819,3.484848484848485,0.5779531250000001,42.86,57.14,28.57,25.0,6.25,10.0,48.48,0.667,0.939,2.03
German Bundesliga,2024/25,Dortmund,34.0,15.0,10.0,9.0,13.0,2.0,0.0,1.0,0.0,3.0,8.0,57.0,71.0,51.0,1.0588235294117647,4.176470588235294,0.5656575757575757,86.67,13.33,0.0,10.0,10.0,33.33,23.53,1.676,2.088,1.5
German Bundesliga,2024/25,Ein Frankfurt,34.0,17.0,5.0,12.0,13.0,3.0,1.0,0.0,1.0,4.0,12.0,60.0,68.0,46.0,1.0,3.4411764705882355,0.5341727272727272,76.47,23.53,5.88,20.0,0.0,33.33,35.29,1.765,2.0,1.353
German Bundesliga,2024/25,Freiburg,34.0,9.0,9.0,16.0,7.0,1.0,1.0,1.0,1.0,8.0,15.0,55.0,49.0,53.0,1.1764705882352942,3.5,0.5866633333333333,77.78,22.22,11.11,22.22,11.11,50.0,44.12,1.618,1.441,1.559
German Bundesliga,2024/25,Heidenheim,34.0,7.0,17.0,10.0,6.0,1.0,0.0,0.0,1.0,2.0,9.0,29.0,37.0,64.0,0.9411764705882353,4.0588235294117645,0.5274562500000001,85.71,14.29,0.0,5.88,0.0,20.0,26.47,0.853,1.088,1.882
German Bundesliga,2024/25,Hoffenheim,34.0,7.0,17.0,10.0,5.0,2.0,0.0,1.0,3.0,1.0,10.0,32.0,46.0,68.0,0.7941176470588235,3.5294117647058822,0.538728125,71.43,28.57,0.0,23.53,5.88,10.0,29.41,0.941,1.353,2.0
German Bundesliga,2024/25,Holstein Kiel,34.0,9.0,21.0,4.0,6.0,3.0,0.0,0.0,3.0,0.0,9.0,25.0,49.0,80.0,0.7941176470588235,4.647058823529412,0.44874411764705885,66.67,33.33,0.0,14.29,0.0,0.0,26.47,0.735,1.441,2.353
German Bundesliga,2024/25,Leverkusen,34.0,17.0,6.0,11.0,11.0,5.0,1.0,2.0,2.0,6.0,16.0,69.0,72.0,43.0,1.0,3.764705882352941,0.45682000000000006,64.71,35.29,5.88,66.67,33.33,54.55,47.06,2.029,2.118,1.265
German Bundesliga,2024/25,M'gladbach,34.0,10.0,10.0,14.0,8.0,2.0,0.0,0.0,0.0,5.0,12.0,45.0,55.0,57.0,0.9705882352941176,3.0294117647058822,0.6188666666666667,80.0,20.0,0.0,0.0,0.0,35.71,35.29,1.324,1.618,1.676
German Bundesliga,2024/25,Mainz,34.0,16.0,11.0,7.0,12.0,3.0,1.0,1.0,3.0,1.0,11.0,52.0,55.0,43.0,0.7352941176470589,4.970588235294118,0.49025,75.0,25.0,6.25,36.36,9.09,14.29,32.35,1.529,1.618,1.265
German Bundesliga,2024/25,RB Leipzig,34.0,14.0,8.0,12.0,8.0,2.0,4.0,2.0,3.0,3.0,16.0,51.0,53.0,48.0,1.1470588235294117,4.235294117647059,0.5082,57.14,42.86,28.57,62.5,25.0,25.0,47.06,1.5,1.559,1.412
German Bundesliga,2024/25,St Pauli,34.0,9.0,12.0,13.0,6.0,3.0,0.0,0.0,2.0,2.0,15.0,32.0,28.0,41.0,0.8529411764705882,3.9411764705882355,0.5247290322580646,66.67,33.33,0.0,16.67,0.0,15.38,44.12,0.941,0.824,1.206
German Bundesliga,2024/25,Stuttgart,34.0,9.0,8.0,17.0,6.0,2.0,1.0,3.0,1.0,5.0,19.0,50.0,64.0,53.0,1.1764705882352942,5.352941176470588,0.624460606060606,66.67,33.33,11.11,50.0,37.5,29.41,55.88,1.471,1.882,1.559
German Bundesliga,2024/25,Union Berlin,33.0,8.0,13.0,12.0,6.0,1.0,1.0,2.0,2.0,2.0,11.0,40.0,35.0,49.0,0.9696969696969697,3.8484848484848486,0.49425172413793106,75.0,25.0,12.5,30.77,15.38,16.67,33.33,1.212,1.061,1.485
German Bundesliga,2024/25,Werder Bremen,34.0,9.0,11.0,14.0,8.0,1.0,0.0,0.0,3.0,6.0,13.0,51.0,54.0,57.0,0.9411764705882353,4.9411764705882355,0.5040741935483871,88.89,11.11,0.0,27.27,0.0,42.86,38.24,1.5,1.588,1.676
German Bundesliga,2024/25,Wolfsburg,34.0,8.0,13.0,13.0,7.0,0.0,1.0,1.0,4.0,3.0,13.0,43.0,56.0,54.0,0.7352941176470589,4.352941176470588,0.618453125,87.5,12.5,12.5,38.46,7.69,23.08,38.24,1.265,1.647,1.588
Italian Serie A,2015/16,Atalanta,38.0,7.0,7.0,24.0,7.0,0.0,0.0,1.0,0.0,3.0,13.0,45.0,41.0,47.0,0.7105263157894737,5.631578947368421,0.5735264705882352,100.0,0.0,0.0,14.29,14.29,12.5,34.21,1.184,1.079,1.237
Italian Serie A,2015/16,Bologna,38.0,9.0,7.0,22.0,5.0,3.0,1.0,1.0,0.0,5.0,21.0,42.0,33.0,45.0,1.0,4.657894736842105,0.6409121212121212,55.56,44.44,11.11,14.29,14.29,22.73,55.26,1.105,0.868,1.184
Italian Serie A,2015/16,Carpi,38.0,6.0,15.0,17.0,5.0,0.0,1.0,1.0,2.0,3.0,12.0,38.0,37.0,57.0,0.7105263157894737,5.368421052631579,0.5814935483870969,83.33,16.67,16.67,20.0,6.67,17.65,31.58,1.0,0.974,1.5
Italian Serie A,2015/16,Chievo,38.0,6.0,9.0,23.0,3.0,2.0,1.0,1.0,1.0,9.0,20.0,50.0,43.0,45.0,0.9736842105263158,5.2894736842105265,0.5872529411764705,50.0,50.0,16.67,22.22,11.11,39.13,52.63,1.316,1.132,1.184
Italian Serie A,2015/16,Empoli,38.0,7.0,13.0,18.0,4.0,2.0,1.0,1.0,3.0,7.0,20.0,46.0,40.0,49.0,0.9210526315789473,5.447368421052632,0.5609542857142856,57.14,42.86,14.29,30.77,7.69,38.89,52.63,1.211,1.053,1.289
Italian Serie A,2015/16,Fiorentina,38.0,16.0,8.0,14.0,14.0,1.0,1.0,1.0,1.0,3.0,10.0,64.0,60.0,42.0,0.7894736842105263,5.552631578947368,0.5014705882352941,87.5,12.5,6.25,25.0,12.5,21.43,26.32,1.684,1.579,1.105
Italian Serie A,2015/16,Frosinone,38.0,9.0,13.0,16.0,4.0,3.0,2.0,0.0,0.0,4.0,17.0,31.0,35.0,76.0,1.3157894736842106,5.631578947368421,0.665242857142857,44.44,55.56,22.22,0.0,0.0,25.0,44.74,0.816,0.921,2.0
Italian Serie A,2015/16,Genoa,38.0,8.0,12.0,18.0,6.0,0.0,2.0,1.0,2.0,6.0,18.0,46.0,45.0,48.0,1.0263157894736843,5.105263157894737,0.6295257142857142,75.0,25.0,25.0,25.0,8.33,33.33,47.37,1.211,1.184,1.263
Italian Serie A,2015/16,Inter,38.0,14.0,7.0,17.0,11.0,1.0,2.0,0.0,1.0,9.0,16.0,67.0,50.0,38.0,0.7894736842105263,5.605263157894737,0.6121675675675675,78.57,21.43,14.29,14.29,0.0,52.94,42.11,1.763,1.316,1.0
Italian Serie A,2015/16,Juventus,38.0,20.0,4.0,14.0,20.0,0.0,0.0,0.0,1.0,9.0,12.0,91.0,75.0,20.0,0.8947368421052632,5.421052631578948,0.557411111111111,100.0,0.0,0.0,25.0,0.0,64.29,31.58,2.395,1.974,0.526
Italian Serie A,2015/16,Lazio,38.0,11.0,17.0,10.0,10.0,0.0,1.0,2.0,3.0,3.0,10.0,54.0,52.0,52.0,1.0,4.842105263157895,0.5237411764705883,90.91,9.09,9.09,29.41,11.76,30.0,26.32,1.421,1.368,1.368
Italian Serie A,2015/16,Milan,38.0,12.0,9.0,17.0,11.0,0.0,1.0,1.0,3.0,3.0,13.0,57.0,49.0,43.0,0.7894736842105263,5.2368421052631575,0.5534323529411764,91.67,8.33,8.33,44.44,11.11,17.65,34.21,1.5,1.289,1.132
Italian Serie A,2015/16,Napoli,38.0,19.0,5.0,14.0,18.0,1.0,0.0,1.0,1.0,6.0,12.0,82.0,80.0,32.0,1.131578947368421,4.421052631578948,0.5366685714285714,94.74,5.26,0.0,40.0,20.0,42.86,31.58,2.158,2.105,0.842
Italian Serie A,2015/16,Palermo,38.0,9.0,15.0,14.0,7.0,2.0,0.0,0.0,0.0,3.0,9.0,39.0,38.0,65.0,0.9210526315789473,5.052631578947368,0.5295228571428572,77.78,22.22,0.0,0.0,0.0,21.43,23.68,1.026,1.0,1.711
Italian Serie A,2015/16,Roma,38.0,19.0,6.0,13.0,16.0,3.0,0.0,1.0,3.0,6.0,15.0,80.0,83.0,41.0,1.0,5.157894736842105,0.6180162162162164,84.21,15.79,0.0,66.67,16.67,46.15,39.47,2.105,2.184,1.079
Italian Serie A,2015/16,Sampdoria,38.0,6.0,16.0,16.0,5.0,1.0,0.0,0.0,1.0,5.0,10.0,40.0,48.0,61.0,0.7368421052631579,5.631578947368421,0.548413888888889,83.33,16.67,0.0,6.25,0.0,31.25,26.32,1.053,1.263,1.605
Italian Serie A,2015/16,Sassuolo,38.0,10.0,8.0,20.0,9.0,1.0,0.0,0.0,2.0,7.0,13.0,61.0,49.0,40.0,0.5789473684210527,4.894736842105263,0.39629722222222225,90.0,10.0,0.0,25.0,0.0,35.0,34.21,1.605,1.289,1.053
Italian Serie A,2015/16,Torino,38.0,9.0,13.0,16.0,6.0,2.0,1.0,3.0,0.0,3.0,15.0,45.0,52.0,55.0,0.7894736842105263,5.105263157894737,0.5814861111111111,66.67,33.33,11.11,23.08,23.08,18.75,39.47,1.184,1.368,1.447
Italian Serie A,2015/16,Udinese,38.0,11.0,14.0,13.0,6.0,3.0,2.0,1.0,1.0,3.0,15.0,39.0,35.0,60.0,0.9473684210526315,5.2894736842105265,0.52048,54.55,45.45,18.18,14.29,7.14,23.08,39.47,1.026,0.921,1.579
Italian Serie A,2015/16,Verona,38.0,6.0,16.0,16.0,3.0,2.0,1.0,1.0,2.0,1.0,13.0,28.0,34.0,63.0,0.6578947368421053,4.7631578947368425,0.6039027777777777,50.0,50.0,16.67,18.75,6.25,6.25,34.21,0.737,0.895,1.658
Italian Serie A,2016/17,Atalanta,38.0,18.0,9.0,11.0,14.0,4.0,0.0,1.0,2.0,6.0,15.0,72.0,62.0,41.0,0.868421052631579,4.947368421052632,0.5301371428571429,77.78,22.22,0.0,33.33,11.11,54.55,39.47,1.895,1.632,1.079
Italian Serie A,2016/17,Bologna,38.0,8.0,12.0,18.0,5.0,2.0,1.0,1.0,0.0,5.0,16.0,41.0,40.0,58.0,1.1578947368421053,4.7105263157894735,0.657175,62.5,37.5,12.5,8.33,8.33,27.78,42.11,1.079,1.053,1.526
Italian Serie A,2016/17,Cagliari,38.0,10.0,16.0,12.0,9.0,1.0,0.0,2.0,1.0,3.0,13.0,47.0,55.0,76.0,1.0,5.2105263157894735,0.5929243243243242,90.0,10.0,0.0,18.75,12.5,25.0,34.21,1.237,1.447,2.0
Italian Serie A,2016/17,Chievo,38.0,7.0,13.0,18.0,5.0,0.0,2.0,2.0,1.0,5.0,17.0,43.0,43.0,61.0,1.131578947368421,4.078947368421052,0.6319057142857143,71.43,28.57,28.57,23.08,15.38,27.78,44.74,1.132,1.132,1.605
Italian Serie A,2016/17,Crotone,38.0,11.0,11.0,16.0,5.0,4.0,2.0,1.0,1.0,3.0,22.0,34.0,34.0,58.0,1.1578947368421053,4.0,0.6198189189189189,45.45,54.55,18.18,18.18,9.09,18.75,57.89,0.895,0.895,1.526
Italian Serie A,2016/17,Empoli,38.0,5.0,13.0,20.0,5.0,0.0,0.0,0.0,0.0,3.0,12.0,32.0,29.0,61.0,1.0263157894736843,5.473684210526316,0.546875,100.0,0.0,0.0,0.0,0.0,15.0,31.58,0.842,0.763,1.605
Italian Serie A,2016/17,Fiorentina,38.0,13.0,17.0,8.0,9.0,4.0,0.0,2.0,5.0,5.0,16.0,60.0,63.0,57.0,0.868421052631579,4.973684210526316,0.5945285714285714,69.23,30.77,0.0,41.18,11.76,62.5,42.11,1.579,1.658,1.5
Italian Serie A,2016/17,Genoa,38.0,6.0,14.0,18.0,4.0,1.0,1.0,1.0,1.0,4.0,15.0,36.0,38.0,64.0,0.9736842105263158,4.815789473684211,0.5799314285714285,66.67,33.33,16.67,14.29,7.14,22.22,39.47,0.947,1.0,1.684
Italian Serie A,2016/17,Inter,38.0,13.0,11.0,14.0,10.0,1.0,2.0,1.0,1.0,8.0,16.0,62.0,72.0,49.0,1.0,4.578947368421052,0.5917921052631577,76.92,23.08,15.38,18.18,9.09,57.14,42.11,1.632,1.895,1.289
Italian Serie A,2016/17,Juventus,38.0,19.0,4.0,15.0,18.0,1.0,0.0,0.0,2.0,11.0,17.0,91.0,77.0,27.0,0.8947368421052632,4.315789473684211,0.54035,94.74,5.26,0.0,50.0,0.0,73.33,44.74,2.395,2.026,0.711
Italian Serie A,2016/17,Lazio,38.0,12.0,7.0,19.0,11.0,1.0,0.0,0.0,2.0,10.0,18.0,70.0,74.0,51.0,1.105263157894737,4.631578947368421,0.6372891891891892,91.67,8.33,0.0,28.57,0.0,52.63,47.37,1.842,1.947,1.342
Italian Serie A,2016/17,Milan,38.0,9.0,11.0,18.0,8.0,1.0,0.0,0.0,5.0,10.0,21.0,63.0,57.0,45.0,0.8947368421052632,5.578947368421052,0.5916027777777777,88.89,11.11,0.0,45.45,0.0,55.56,55.26,1.658,1.5,1.184
Italian Serie A,2016/17,Napoli,38.0,21.0,7.0,10.0,19.0,2.0,0.0,1.0,3.0,6.0,13.0,86.0,94.0,39.0,1.2105263157894737,4.131578947368421,0.6256783783783784,90.48,9.52,0.0,57.14,14.29,60.0,34.21,2.263,2.474,1.026
Italian Serie A,2016/17,Palermo,38.0,8.0,15.0,15.0,3.0,3.0,2.0,0.0,1.0,3.0,17.0,26.0,33.0,77.0,1.0789473684210527,4.7368421052631575,0.5997135135135135,37.5,62.5,25.0,6.67,0.0,20.0,44.74,0.684,0.868,2.026
Italian Serie A,2016/17,Pescara,37.0,5.0,17.0,15.0,2.0,2.0,1.0,0.0,2.0,0.0,15.0,15.0,34.0,81.0,1.162162162162162,4.54054054054054,0.578011111111111,40.0,60.0,20.0,11.76,0.0,0.0,40.54,0.405,0.919,2.189
Italian Serie A,2016/17,Roma,38.0,20.0,6.0,12.0,18.0,1.0,1.0,2.0,1.0,8.0,16.0,87.0,90.0,38.0,1.3157894736842106,3.973684210526316,0.6004540540540543,90.0,10.0,5.0,50.0,33.33,66.67,42.11,2.289,2.368,1.0
Italian Serie A,2016/17,Sampdoria,38.0,10.0,14.0,14.0,3.0,3.0,4.0,2.0,4.0,7.0,22.0,48.0,49.0,55.0,0.9210526315789473,4.657894736842105,0.5416694444444443,30.0,70.0,40.0,42.86,14.29,50.0,57.89,1.263,1.289,1.447
Italian Serie A,2016/17,Sassuolo,37.0,12.0,14.0,11.0,9.0,1.0,2.0,3.0,3.0,1.0,17.0,46.0,58.0,60.0,0.918918918918919,5.027027027027027,0.48149714285714285,75.0,25.0,16.67,42.86,21.43,9.09,45.95,1.243,1.568,1.622
Italian Serie A,2016/17,Torino,38.0,13.0,10.0,15.0,9.0,4.0,0.0,1.0,2.0,3.0,14.0,53.0,71.0,66.0,1.0526315789473684,4.2894736842105265,0.6597628571428571,69.23,30.77,0.0,30.0,10.0,20.0,36.84,1.395,1.868,1.737
Italian Serie A,2016/17,Udinese,38.0,11.0,10.0,17.0,6.0,3.0,2.0,0.0,2.0,6.0,20.0,45.0,47.0,56.0,1.105263157894737,4.315789473684211,0.5996694444444445,54.55,45.45,18.18,20.0,0.0,35.29,52.63,1.184,1.237,1.474
Italian Serie A,2017/18,Atalanta,38.0,10.0,8.0,20.0,7.0,1.0,2.0,0.0,4.0,9.0,20.0,60.0,57.0,39.0,1.0526315789473684,4.2894736842105265,0.6310783783783783,70.0,30.0,20.0,50.0,0.0,45.0,52.63,1.579,1.5,1.026
Italian Serie A,2017/18,Benevento,38.0,3.0,17.0,18.0,2.0,0.0,1.0,1.0,1.0,3.0,19.0,21.0,33.0,84.0,1.1578947368421053,4.131578947368421,0.6433631578947369,66.67,33.33,33.33,11.76,5.88,16.67,50.0,0.553,0.868,2.211
Italian Serie A,2017/18,Bologna,38.0,9.0,10.0,19.0,4.0,2.0,3.0,1.0,1.0,6.0,23.0,39.0,40.0,52.0,1.0789473684210527,4.7631578947368425,0.5423378378378377,44.44,55.56,33.33,20.0,10.0,31.58,60.53,1.026,1.053,1.368
Italian Serie A,2017/18,Cagliari,38.0,7.0,13.0,18.0,6.0,1.0,0.0,0.0,1.0,5.0,16.0,39.0,33.0,61.0,0.9210526315789473,4.684210526315789,0.5629583333333333,85.71,14.29,0.0,7.69,0.0,27.78,42.11,1.026,0.868,1.605
Italian Serie A,2017/18,Chievo,38.0,3.0,11.0,24.0,2.0,0.0,1.0,3.0,0.0,5.0,18.0,40.0,36.0,59.0,0.9210526315789473,3.8684210526315788,0.6434363636363636,66.67,33.33,33.33,27.27,27.27,20.83,47.37,1.053,0.947,1.553
Italian Serie A,2017/18,Crotone,38.0,8.0,19.0,11.0,7.0,1.0,0.0,1.0,3.0,1.0,12.0,35.0,40.0,66.0,0.8157894736842105,3.8421052631578947,0.44910000000000005,87.5,12.5,0.0,21.05,5.26,9.09,31.58,0.921,1.053,1.737
Italian Serie A,2017/18,Fiorentina,38.0,13.0,10.0,15.0,12.0,1.0,0.0,0.0,2.0,4.0,12.0,57.0,54.0,46.0,0.8421052631578947,5.315789473684211,0.5041485714285714,92.31,7.69,0.0,20.0,0.0,26.67,31.58,1.5,1.421,1.211
Italian Serie A,2017/18,Genoa,38.0,7.0,9.0,22.0,6.0,1.0,0.0,0.0,0.0,5.0,16.0,41.0,33.0,43.0,0.5789473684210527,4.184210526315789,0.6772727272727272,85.71,14.29,0.0,0.0,0.0,22.73,42.11,1.079,0.868,1.132
Italian Serie A,2017/18,Inter,38.0,13.0,9.0,16.0,12.0,1.0,0.0,2.0,2.0,6.0,12.0,72.0,66.0,30.0,0.868421052631579,4.2105263157894735,0.6010406249999999,92.31,7.69,0.0,44.44,22.22,37.5,31.58,1.895,1.737,0.789
Italian Serie A,2017/18,Juventus,38.0,22.0,2.0,14.0,19.0,2.0,1.0,2.0,0.0,9.0,16.0,95.0,86.0,24.0,1.263157894736842,4.368421052631579,0.5977228571428572,86.36,13.64,4.55,100.0,100.0,64.29,42.11,2.5,2.263,0.632
Italian Serie A,2017/18,Lazio,38.0,15.0,2.0,21.0,12.0,1.0,2.0,1.0,0.0,8.0,17.0,72.0,89.0,49.0,1.3157894736842106,4.105263157894737,0.5591142857142857,80.0,20.0,13.33,50.0,50.0,38.1,44.74,1.895,2.342,1.289
Italian Serie A,2017/18,Milan,38.0,16.0,8.0,14.0,13.0,3.0,0.0,1.0,0.0,4.0,11.0,64.0,56.0,42.0,0.8421052631578947,4.5,0.5637264705882354,81.25,18.75,0.0,12.5,12.5,28.57,28.95,1.684,1.474,1.105
Italian Serie A,2017/18,Napoli,38.0,17.0,6.0,15.0,16.0,1.0,0.0,2.0,1.0,10.0,14.0,91.0,77.0,29.0,1.0526315789473684,3.8157894736842106,0.5227272727272727,94.12,5.88,0.0,50.0,33.33,66.67,36.84,2.395,2.026,0.763
Italian Serie A,2017/18,Roma,38.0,18.0,6.0,14.0,15.0,2.0,1.0,0.0,2.0,8.0,15.0,77.0,61.0,28.0,0.9210526315789473,3.4210526315789473,0.5042171428571429,83.33,16.67,5.56,33.33,0.0,57.14,39.47,2.026,1.605,0.737
Italian Serie A,2017/18,Sampdoria,38.0,12.0,11.0,15.0,8.0,2.0,2.0,1.0,0.0,7.0,16.0,54.0,56.0,60.0,1.105263157894737,4.5,0.6018527777777778,66.67,33.33,16.67,9.09,9.09,46.67,42.11,1.421,1.474,1.579
Italian Serie A,2017/18,Sassuolo,38.0,6.0,14.0,18.0,5.0,1.0,0.0,0.0,2.0,6.0,14.0,43.0,29.0,59.0,0.8157894736842105,4.684210526315789,0.5002714285714286,83.33,16.67,0.0,14.29,0.0,33.33,36.84,1.132,0.763,1.553
Italian Serie A,2017/18,Spal,38.0,9.0,16.0,13.0,4.0,3.0,2.0,0.0,4.0,4.0,15.0,38.0,39.0,59.0,0.868421052631579,4.894736842105263,0.5782264705882352,44.44,55.56,22.22,25.0,0.0,30.77,39.47,1.0,1.026,1.553
Italian Serie A,2017/18,Torino,38.0,12.0,9.0,17.0,8.0,4.0,0.0,1.0,3.0,4.0,17.0,54.0,54.0,46.0,0.9473684210526315,4.2105263157894735,0.5523857142857143,66.67,33.33,0.0,44.44,11.11,23.53,44.74,1.421,1.421,1.211
Italian Serie A,2017/18,Udinese,38.0,9.0,15.0,14.0,8.0,1.0,0.0,0.0,1.0,4.0,14.0,40.0,48.0,63.0,0.9473684210526315,3.789473684210526,0.4414473684210526,88.89,11.11,0.0,6.67,0.0,28.57,36.84,1.053,1.263,1.658
Italian Serie A,2017/18,Verona,38.0,6.0,20.0,12.0,5.0,0.0,1.0,0.0,1.0,2.0,11.0,25.0,30.0,78.0,1.0526315789473684,4.526315789473684,0.5462972222222222,83.33,16.67,16.67,5.0,0.0,16.67,28.95,0.658,0.789,2.053
Italian Serie A,2018/19,Atalanta,38.0,11.0,10.0,17.0,8.0,2.0,1.0,3.0,3.0,9.0,22.0,69.0,77.0,46.0,1.4210526315789473,4.184210526315789,0.6214314285714285,72.73,27.27,9.09,60.0,30.0,52.94,57.89,1.816,2.026,1.211
Italian Serie A,2018/19,Bologna,38.0,7.0,11.0,20.0,5.0,1.0,1.0,1.0,3.0,5.0,19.0,44.0,48.0,56.0,1.0263157894736843,5.315789473684211,0.5883818181818182,71.43,28.57,14.29,36.36,9.09,25.0,50.0,1.158,1.263,1.474
Italian Serie A,2018/19,Cagliari,38.0,12.0,16.0,10.0,7.0,4.0,1.0,1.0,3.0,2.0,15.0,41.0,36.0,54.0,0.7631578947368421,4.868421052631579,0.5416666666666666,58.33,41.67,8.33,25.0,6.25,20.0,39.47,1.079,0.947,1.421
Italian Serie A,2018/19,Chievo,38.0,4.0,17.0,17.0,0.0,4.0,0.0,0.0,3.0,2.0,17.0,20.0,25.0,75.0,1.0526315789473684,4.868421052631579,0.63184375,0.0,100.0,0.0,17.65,0.0,11.76,44.74,0.526,0.658,1.974
Italian Serie A,2018/19,Empoli,38.0,8.0,15.0,15.0,5.0,1.0,2.0,1.0,4.0,4.0,20.0,38.0,51.0,70.0,1.105263157894737,4.2631578947368425,0.5587972222222223,62.5,37.5,25.0,33.33,6.67,26.67,52.63,1.0,1.342,1.842
Italian Serie A,2018/19,Fiorentina,38.0,5.0,9.0,24.0,3.0,2.0,0.0,0.0,2.0,5.0,15.0,41.0,47.0,45.0,0.6842105263157895,5.105263157894737,0.6000727272727273,60.0,40.0,0.0,22.22,0.0,20.83,39.47,1.079,1.237,1.184
Italian Serie A,2018/19,Frosinone,38.0,7.0,19.0,12.0,4.0,2.0,1.0,0.0,1.0,1.0,9.0,25.0,29.0,69.0,0.9736842105263158,4.947368421052632,0.5328303030303031,57.14,42.86,14.29,5.26,0.0,8.33,23.68,0.658,0.763,1.816
Italian Serie A,2018/19,Genoa,38.0,7.0,14.0,17.0,5.0,1.0,1.0,1.0,3.0,2.0,13.0,38.0,39.0,57.0,0.7894736842105263,5.157894736842105,0.49583529411764704,71.43,28.57,14.29,28.57,7.14,11.76,34.21,1.0,1.026,1.5
Italian Serie A,2018/19,Inter,38.0,15.0,8.0,15.0,10.0,5.0,0.0,0.0,1.0,10.0,18.0,69.0,57.0,33.0,0.9473684210526315,4.842105263157895,0.64524,66.67,33.33,0.0,12.5,0.0,66.67,47.37,1.816,1.5,0.868
Italian Serie A,2018/19,Juventus,38.0,17.0,5.0,16.0,14.0,2.0,1.0,2.0,3.0,12.0,23.0,90.0,70.0,30.0,1.1578947368421053,4.631578947368421,0.5951736842105264,82.35,17.65,5.88,100.0,40.0,75.0,60.53,2.368,1.842,0.789
Italian Serie A,2018/19,Lazio,38.0,16.0,8.0,14.0,13.0,2.0,1.0,0.0,3.0,4.0,17.0,59.0,56.0,46.0,0.868421052631579,4.947368421052632,0.5622789473684211,81.25,18.75,6.25,37.5,0.0,28.57,44.74,1.553,1.474,1.211
Italian Serie A,2018/19,Milan,38.0,15.0,4.0,19.0,9.0,4.0,2.0,0.0,1.0,10.0,20.0,68.0,55.0,36.0,0.8421052631578947,4.2894736842105265,0.6446088235294117,60.0,40.0,13.33,25.0,0.0,52.63,52.63,1.789,1.447,0.947
Italian Serie A,2018/19,Napoli,38.0,15.0,6.0,17.0,14.0,0.0,1.0,2.0,1.0,8.0,15.0,79.0,74.0,36.0,1.105263157894737,4.552631578947368,0.5877441176470589,93.33,6.67,6.67,50.0,33.33,47.06,39.47,2.079,1.947,0.947
Italian Serie A,2018/19,Parma,38.0,12.0,7.0,19.0,7.0,3.0,2.0,0.0,2.0,3.0,20.0,41.0,41.0,61.0,0.9473684210526315,4.684210526315789,0.646570588235294,58.33,41.67,16.67,28.57,0.0,15.79,52.63,1.079,1.079,1.605
Italian Serie A,2018/19,Roma,38.0,16.0,10.0,12.0,11.0,5.0,0.0,0.0,4.0,7.0,18.0,66.0,66.0,48.0,1.0,4.342105263157895,0.5905405405405406,68.75,31.25,0.0,40.0,0.0,58.33,47.37,1.737,1.737,1.263
Italian Serie A,2018/19,Sampdoria,38.0,10.0,8.0,20.0,8.0,2.0,0.0,0.0,1.0,7.0,18.0,53.0,60.0,51.0,1.0789473684210527,5.105263157894737,0.5933285714285714,80.0,20.0,0.0,12.5,0.0,35.0,47.37,1.395,1.579,1.342
Italian Serie A,2018/19,Sassuolo,38.0,10.0,11.0,17.0,7.0,2.0,1.0,0.0,2.0,2.0,10.0,43.0,53.0,60.0,0.7631578947368421,4.868421052631579,0.5396454545454545,70.0,30.0,10.0,18.18,0.0,11.76,26.32,1.132,1.395,1.579
Italian Serie A,2018/19,Spal,38.0,8.0,14.0,16.0,5.0,2.0,1.0,2.0,3.0,4.0,20.0,42.0,44.0,56.0,1.105263157894737,6.052631578947368,0.5814285714285714,62.5,37.5,12.5,35.71,14.29,25.0,52.63,1.105,1.158,1.474
Italian Serie A,2018/19,Torino,38.0,11.0,9.0,18.0,8.0,3.0,0.0,2.0,2.0,6.0,15.0,63.0,52.0,37.0,0.7894736842105263,5.7894736842105265,0.6067718750000001,72.73,27.27,0.0,44.44,22.22,33.33,39.47,1.658,1.368,0.974
Italian Serie A,2018/19,Udinese,38.0,8.0,13.0,17.0,6.0,2.0,0.0,1.0,4.0,4.0,20.0,43.0,39.0,53.0,0.9473684210526315,4.921052631578948,0.5904771428571428,75.0,25.0,0.0,38.46,7.69,23.53,52.63,1.132,1.026,1.395
Italian Serie A,2019/20,Atalanta,38.0,13.0,10.0,15.0,10.0,2.0,1.0,5.0,2.0,8.0,20.0,78.0,98.0,48.0,1.4473684210526316,5.184210526315789,0.5784378378378379,76.92,23.08,7.69,70.0,50.0,53.33,52.63,2.053,2.579,1.263
Italian Serie A,2019/20,Bologna,38.0,9.0,15.0,14.0,4.0,4.0,1.0,3.0,3.0,5.0,21.0,47.0,52.0,65.0,0.9473684210526315,6.0,0.530954054054054,44.44,55.56,11.11,40.0,20.0,35.71,55.26,1.237,1.368,1.711
Italian Serie A,2019/20,Brescia,38.0,6.0,15.0,17.0,1.0,1.0,4.0,1.0,1.0,4.0,19.0,25.0,35.0,79.0,1.3157894736842106,5.5,0.6230702702702703,16.67,83.33,66.67,13.33,6.67,23.53,50.0,0.658,0.921,2.079
Italian Serie A,2019/20,Cagliari,38.0,11.0,15.0,12.0,6.0,3.0,2.0,2.0,4.0,3.0,18.0,45.0,52.0,56.0,0.868421052631579,5.2105263157894735,0.5662055555555556,54.55,45.45,18.18,40.0,13.33,25.0,47.37,1.184,1.368,1.474
Italian Serie A,2019/20,Fiorentina,38.0,11.0,12.0,15.0,7.0,2.0,2.0,1.0,3.0,4.0,15.0,49.0,51.0,48.0,0.8421052631578947,5.5,0.61853125,63.64,36.36,18.18,33.33,8.33,26.67,39.47,1.289,1.342,1.263
Italian Serie A,2019/20,Genoa,38.0,10.0,13.0,15.0,7.0,1.0,2.0,1.0,2.0,2.0,15.0,39.0,47.0,73.0,1.0526315789473684,5.815789473684211,0.5619057142857142,70.0,30.0,20.0,23.08,7.69,13.33,39.47,1.026,1.237,1.921
Italian Serie A,2019/20,Inter,38.0,23.0,6.0,9.0,17.0,4.0,2.0,4.0,2.0,3.0,17.0,82.0,81.0,36.0,1.236842105263158,5.5,0.5512611111111111,73.91,26.09,8.7,100.0,66.67,33.33,44.74,2.158,2.132,0.947
Italian Serie A,2019/20,Juventus,38.0,15.0,3.0,20.0,13.0,1.0,1.0,0.0,1.0,13.0,20.0,83.0,76.0,43.0,1.131578947368421,5.552631578947368,0.5954297297297297,86.67,13.33,6.67,33.33,0.0,65.0,52.63,2.184,2.0,1.132
Italian Serie A,2019/20,Lazio,38.0,14.0,9.0,15.0,11.0,0.0,3.0,5.0,2.0,8.0,21.0,78.0,79.0,42.0,1.236842105263158,5.473684210526316,0.46389166666666665,78.57,21.43,21.43,77.78,55.56,53.33,55.26,2.053,2.079,1.105
Italian Serie A,2019/20,Lecce,38.0,7.0,15.0,16.0,5.0,2.0,0.0,0.0,3.0,4.0,18.0,35.0,52.0,85.0,1.105263157894737,5.131578947368421,0.6410162162162163,71.43,28.57,0.0,20.0,0.0,25.0,47.37,0.921,1.368,2.237
Italian Serie A,2019/20,Milan,38.0,12.0,8.0,18.0,9.0,1.0,2.0,3.0,1.0,7.0,18.0,66.0,63.0,46.0,1.236842105263158,5.473684210526316,0.6300944444444444,75.0,25.0,16.67,50.0,37.5,38.89,47.37,1.737,1.658,1.211
Italian Serie A,2019/20,Napoli,38.0,13.0,11.0,14.0,11.0,1.0,1.0,2.0,1.0,5.0,13.0,62.0,61.0,50.0,0.7894736842105263,4.868421052631579,0.5884972222222222,84.62,15.38,7.69,27.27,18.18,35.71,34.21,1.632,1.605,1.316
Italian Serie A,2019/20,Parma,38.0,13.0,10.0,15.0,7.0,2.0,4.0,0.0,1.0,7.0,18.0,49.0,56.0,57.0,0.8947368421052632,4.7105263157894735,0.49549210526315784,53.85,46.15,30.77,10.0,0.0,46.67,47.37,1.289,1.474,1.5
Italian Serie A,2019/20,Roma,38.0,16.0,7.0,15.0,14.0,1.0,1.0,2.0,0.0,5.0,13.0,70.0,77.0,51.0,1.1842105263157894,5.5,0.5720222222222222,87.5,12.5,6.25,28.57,28.57,33.33,34.21,1.842,2.026,1.342
Italian Serie A,2019/20,Sampdoria,38.0,7.0,17.0,14.0,4.0,1.0,2.0,2.0,1.0,6.0,16.0,42.0,48.0,65.0,1.0263157894736843,5.5,0.5830529411764707,57.14,42.86,28.57,17.65,11.76,42.86,42.11,1.105,1.263,1.711
Italian Serie A,2019/20,Sassuolo,38.0,13.0,15.0,10.0,9.0,2.0,2.0,3.0,3.0,2.0,16.0,51.0,69.0,63.0,1.0263157894736843,5.921052631578948,0.5424666666666667,69.23,30.77,15.38,40.0,20.0,20.0,42.11,1.342,1.816,1.658
Italian Serie A,2019/20,Spal,38.0,6.0,17.0,15.0,1.0,1.0,4.0,2.0,0.0,2.0,18.0,20.0,27.0,77.0,1.1842105263157894,4.7368421052631575,0.587064864864865,16.67,83.33,66.67,11.76,11.76,13.33,47.37,0.526,0.711,2.026
Italian Serie A,2019/20,Torino,38.0,11.0,16.0,11.0,7.0,1.0,3.0,2.0,2.0,2.0,15.0,40.0,46.0,68.0,1.0526315789473684,5.657894736842105,0.5586918918918918,63.64,36.36,27.27,25.0,12.5,18.18,39.47,1.053,1.211,1.789
Italian Serie A,2019/20,Udinese,38.0,11.0,8.0,19.0,7.0,3.0,1.0,1.0,0.0,4.0,18.0,45.0,37.0,51.0,0.9473684210526315,4.2631578947368425,0.5146454545454545,63.64,36.36,9.09,12.5,12.5,21.05,47.37,1.184,0.974,1.342
Italian Serie A,2019/20,Verona,38.0,10.0,9.0,19.0,6.0,2.0,2.0,1.0,3.0,5.0,19.0,49.0,47.0,51.0,0.8947368421052632,5.447368421052632,0.5866657142857143,60.0,40.0,20.0,44.44,11.11,26.32,50.0,1.289,1.237,1.342
Italian Serie A,2020/21,Atalanta,38.0,21.0,6.0,11.0,17.0,4.0,0.0,1.0,1.0,5.0,13.0,78.0,90.0,47.0,1.263157894736842,4.2368421052631575,0.5883638888888889,80.95,19.05,0.0,33.33,16.67,45.45,34.21,2.053,2.368,1.237
Italian Serie A,2020/21,Benevento,38.0,7.0,20.0,11.0,2.0,4.0,1.0,1.0,2.0,4.0,13.0,33.0,40.0,75.0,0.9210526315789473,4.7894736842105265,0.5201055555555556,28.57,71.43,14.29,15.0,5.0,36.36,34.21,0.868,1.053,1.974
Italian Serie A,2020/21,Bologna,38.0,12.0,18.0,8.0,7.0,4.0,1.0,1.0,3.0,2.0,13.0,41.0,51.0,65.0,0.8157894736842105,4.552631578947368,0.45328108108108106,58.33,41.67,8.33,22.22,5.56,25.0,34.21,1.079,1.342,1.711
Italian Serie A,2020/21,Cagliari,38.0,6.0,14.0,18.0,3.0,2.0,1.0,1.0,3.0,5.0,20.0,37.0,43.0,59.0,0.868421052631579,4.2368421052631575,0.62068,50.0,50.0,16.67,28.57,7.14,27.78,52.63,0.974,1.132,1.553
Italian Serie A,2020/21,Crotone,38.0,6.0,19.0,13.0,4.0,0.0,2.0,0.0,1.0,2.0,12.0,23.0,45.0,92.0,1.368421052631579,4.921052631578948,0.5054428571428572,66.67,33.33,33.33,5.26,0.0,15.38,31.58,0.605,1.184,2.421
Italian Serie A,2020/21,Fiorentina,38.0,10.0,8.0,20.0,6.0,3.0,1.0,0.0,0.0,3.0,14.0,40.0,47.0,59.0,0.7894736842105263,4.552631578947368,0.5945411764705881,60.0,40.0,10.0,0.0,0.0,15.0,36.84,1.053,1.237,1.553
Italian Serie A,2020/21,Genoa,38.0,7.0,14.0,17.0,7.0,0.0,0.0,1.0,2.0,2.0,10.0,42.0,47.0,58.0,0.8421052631578947,4.2105263157894735,0.5186371428571429,100.0,0.0,0.0,21.43,7.14,11.76,26.32,1.105,1.237,1.526
Italian Serie A,2020/21,Inter,38.0,15.0,7.0,16.0,14.0,1.0,0.0,2.0,2.0,12.0,17.0,91.0,89.0,35.0,1.105263157894737,3.973684210526316,0.6459459459459459,93.33,6.67,0.0,57.14,28.57,75.0,44.74,2.395,2.342,0.921
Italian Serie A,2020/21,Juventus,38.0,16.0,8.0,14.0,14.0,2.0,0.0,2.0,2.0,7.0,15.0,78.0,77.0,38.0,1.105263157894737,4.552631578947368,0.5535131578947368,87.5,12.5,0.0,50.0,25.0,50.0,39.47,2.053,2.026,1.0
Italian Serie A,2020/21,Lazio,38.0,14.0,14.0,10.0,13.0,1.0,0.0,1.0,2.0,7.0,12.0,68.0,61.0,55.0,0.7894736842105263,5.315789473684211,0.5481972972972974,92.86,7.14,0.0,21.43,7.14,70.0,31.58,1.789,1.605,1.447
Italian Serie A,2020/21,Milan,38.0,22.0,5.0,11.0,21.0,0.0,1.0,0.0,2.0,3.0,9.0,79.0,74.0,41.0,1.0263157894736843,4.631578947368421,0.5958891891891891,95.45,4.55,4.55,40.0,0.0,27.27,23.68,2.079,1.947,1.079
Italian Serie A,2020/21,Napoli,38.0,20.0,7.0,11.0,18.0,2.0,0.0,2.0,1.0,4.0,14.0,77.0,86.0,41.0,1.2894736842105263,5.052631578947368,0.6020052631578947,90.0,10.0,0.0,42.86,28.57,36.36,36.84,2.026,2.263,1.079
Italian Serie A,2020/21,Parma,38.0,9.0,16.0,13.0,3.0,4.0,2.0,0.0,3.0,0.0,18.0,20.0,39.0,83.0,1.0789473684210527,4.315789473684211,0.5659171428571429,33.33,66.67,22.22,18.75,0.0,0.0,47.37,0.526,1.026,2.184
Italian Serie A,2020/21,Roma,38.0,18.0,10.0,10.0,13.0,3.0,2.0,0.0,2.0,5.0,13.0,63.0,68.0,55.0,1.0263157894736843,4.7631578947368425,0.52102,72.22,27.78,11.11,20.0,0.0,50.0,34.21,1.658,1.789,1.447
Italian Serie A,2020/21,Sampdoria,38.0,12.0,12.0,14.0,10.0,0.0,2.0,1.0,2.0,4.0,14.0,52.0,52.0,54.0,0.868421052631579,4.315789473684211,0.5754368421052632,83.33,16.67,16.67,25.0,8.33,28.57,36.84,1.368,1.368,1.421
Italian Serie A,2020/21,Sassuolo,38.0,9.0,14.0,15.0,7.0,1.0,1.0,3.0,5.0,7.0,20.0,62.0,64.0,56.0,1.0526315789473684,4.447368421052632,0.5871666666666666,77.78,22.22,11.11,57.14,21.43,46.67,52.63,1.632,1.684,1.474
Italian Serie A,2020/21,Spezia,38.0,7.0,7.0,24.0,3.0,4.0,0.0,1.0,3.0,5.0,27.0,39.0,52.0,72.0,1.368421052631579,5.0,0.6726166666666666,42.86,57.14,0.0,57.14,14.29,20.83,71.05,1.026,1.368,1.895
Italian Serie A,2020/21,Torino,38.0,8.0,14.0,16.0,2.0,3.0,3.0,2.0,3.0,3.0,17.0,37.0,50.0,69.0,0.9473684210526315,4.921052631578948,0.6549735294117648,25.0,75.0,37.5,35.71,14.29,18.75,44.74,0.974,1.316,1.816
Italian Serie A,2020/21,Udinese,38.0,8.0,13.0,17.0,6.0,1.0,1.0,0.0,3.0,4.0,16.0,40.0,42.0,58.0,0.8157894736842105,4.078947368421052,0.6023828571428571,75.0,25.0,12.5,23.08,0.0,23.53,42.11,1.053,1.105,1.526
Italian Serie A,2020/21,Verona,38.0,8.0,9.0,21.0,4.0,3.0,1.0,0.0,0.0,6.0,15.0,43.0,43.0,48.0,0.7105263157894737,4.605263157894737,0.6532416666666667,50.0,50.0,12.5,0.0,0.0,28.57,39.47,1.132,1.132,1.263
Italian Serie A,2021/22,Atalanta,38.0,12.0,8.0,18.0,11.0,1.0,0.0,0.0,1.0,5.0,11.0,59.0,65.0,48.0,0.6842105263157895,4.815789473684211,0.5698090909090909,91.67,8.33,0.0,12.5,0.0,27.78,28.95,1.553,1.711,1.263
Italian Serie A,2021/22,Bologna,38.0,4.0,10.0,24.0,3.0,1.0,0.0,0.0,0.0,9.0,16.0,46.0,44.0,55.0,0.7631578947368421,4.894736842105263,0.696748484848485,75.0,25.0,0.0,0.0,0.0,37.5,42.11,1.211,1.158,1.447
Italian Serie A,2021/22,Cagliari,38.0,5.0,18.0,15.0,3.0,1.0,1.0,1.0,4.0,2.0,15.0,30.0,34.0,68.0,0.9210526315789473,4.7368421052631575,0.6310166666666667,60.0,40.0,20.0,27.78,5.56,13.33,39.47,0.789,0.895,1.789
Italian Serie A,2021/22,Empoli,38.0,9.0,18.0,11.0,4.0,5.0,0.0,3.0,2.0,3.0,17.0,41.0,50.0,70.0,1.0789473684210527,4.552631578947368,0.5614285714285715,44.44,55.56,0.0,27.78,16.67,27.27,44.74,1.079,1.316,1.842
Italian Serie A,2021/22,Fiorentina,38.0,15.0,9.0,14.0,14.0,0.0,1.0,0.0,2.0,5.0,14.0,62.0,59.0,51.0,0.9210526315789473,5.342105263157895,0.6152921052631579,93.33,6.67,6.67,22.22,0.0,35.71,36.84,1.632,1.553,1.342
Italian Serie A,2021/22,Genoa,38.0,3.0,17.0,18.0,1.0,2.0,0.0,1.0,2.0,2.0,11.0,28.0,27.0,60.0,0.7105263157894737,4.7105263157894735,0.5833333333333334,33.33,66.67,0.0,17.65,5.88,11.11,28.95,0.737,0.711,1.579
Italian Serie A,2021/22,Inter,38.0,21.0,7.0,10.0,17.0,2.0,2.0,3.0,3.0,5.0,16.0,84.0,84.0,32.0,1.236842105263158,4.078947368421052,0.4769805555555555,80.95,19.05,9.52,85.71,42.86,50.0,42.11,2.211,2.211,0.842
Italian Serie A,2021/22,Juventus,38.0,20.0,8.0,10.0,14.0,5.0,1.0,0.0,2.0,6.0,15.0,70.0,57.0,37.0,0.7105263157894737,4.631578947368421,0.48957567567567567,70.0,30.0,5.0,25.0,0.0,60.0,39.47,1.842,1.5,0.974
Italian Serie A,2021/22,Lazio,38.0,15.0,11.0,12.0,12.0,1.0,2.0,2.0,3.0,4.0,14.0,64.0,77.0,58.0,1.0789473684210527,5.2631578947368425,0.5409891891891891,80.0,20.0,13.33,45.45,18.18,33.33,36.84,1.684,2.026,1.526
Italian Serie A,2021/22,Milan,38.0,18.0,8.0,12.0,16.0,1.0,1.0,3.0,2.0,7.0,14.0,86.0,69.0,31.0,0.8421052631578947,4.552631578947368,0.47850857142857145,88.89,11.11,5.56,62.5,37.5,58.33,36.84,2.263,1.816,0.816
Italian Serie A,2021/22,Napoli,38.0,19.0,5.0,14.0,15.0,3.0,1.0,2.0,0.0,7.0,16.0,79.0,74.0,31.0,0.8947368421052632,4.578947368421052,0.5859108108108108,78.95,21.05,5.26,40.0,40.0,50.0,42.11,2.079,1.947,0.816
Italian Serie A,2021/22,Roma,38.0,16.0,13.0,9.0,13.0,1.0,2.0,1.0,4.0,4.0,13.0,63.0,59.0,43.0,0.7894736842105263,6.078947368421052,0.4466,81.25,18.75,12.5,38.46,7.69,44.44,34.21,1.658,1.553,1.132
Italian Serie A,2021/22,Salernitana,38.0,7.0,19.0,12.0,4.0,1.0,2.0,1.0,4.0,2.0,15.0,31.0,33.0,78.0,1.0789473684210527,5.368421052631579,0.5355289473684209,57.14,42.86,28.57,26.32,5.26,16.67,39.47,0.816,0.868,2.053
Italian Serie A,2021/22,Sampdoria,38.0,12.0,19.0,7.0,9.0,2.0,1.0,1.0,2.0,0.0,11.0,36.0,46.0,63.0,0.8947368421052632,4.7631578947368425,0.4234243243243243,75.0,25.0,8.33,15.79,5.26,0.0,28.95,0.947,1.211,1.658
Italian Serie A,2021/22,Sassuolo,38.0,15.0,14.0,9.0,9.0,4.0,2.0,1.0,4.0,3.0,17.0,50.0,64.0,66.0,0.8947368421052632,4.7894736842105265,0.5106891891891893,60.0,40.0,13.33,35.71,7.14,33.33,44.74,1.316,1.684,1.737
Italian Serie A,2021/22,Spezia,38.0,7.0,14.0,17.0,4.0,2.0,1.0,2.0,0.0,4.0,18.0,36.0,41.0,71.0,0.9473684210526315,4.7368421052631575,0.613389189189189,57.14,42.86,14.29,14.29,14.29,23.53,47.37,0.947,1.079,1.868
Italian Serie A,2021/22,Torino,38.0,14.0,9.0,15.0,10.0,4.0,0.0,0.0,1.0,3.0,14.0,50.0,46.0,41.0,0.631578947368421,5.184210526315789,0.5560222222222222,71.43,28.57,0.0,11.11,0.0,20.0,36.84,1.316,1.211,1.079
Italian Serie A,2021/22,Udinese,38.0,15.0,12.0,11.0,8.0,5.0,2.0,0.0,3.0,3.0,15.0,47.0,61.0,58.0,1.0789473684210527,5.631578947368421,0.542363888888889,53.33,46.67,13.33,25.0,0.0,27.27,39.47,1.237,1.605,1.526
Italian Serie A,2021/22,Venezia,38.0,6.0,17.0,15.0,3.0,1.0,2.0,1.0,4.0,2.0,19.0,27.0,34.0,69.0,1.0263157894736843,5.2894736842105265,0.5831388888888889,50.0,50.0,33.33,29.41,5.88,13.33,50.0,0.711,0.895,1.816
Italian Serie A,2021/22,Verona,38.0,15.0,12.0,11.0,8.0,4.0,3.0,2.0,3.0,4.0,19.0,53.0,65.0,59.0,1.0263157894736843,4.894736842105263,0.5010270270270271,53.33,46.67,20.0,41.67,16.67,36.36,50.0,1.395,1.711,1.553
Italian Serie A,2022/23,Atalanta,38.0,14.0,10.0,14.0,11.0,3.0,0.0,2.0,2.0,6.0,19.0,64.0,66.0,48.0,1.0263157894736843,4.473684210526316,0.6274162162162163,78.57,21.43,0.0,40.0,20.0,42.86,50.0,1.684,1.737,1.263
Italian Serie A,2022/23,Bologna,38.0,10.0,12.0,16.0,6.0,2.0,2.0,3.0,1.0,5.0,15.0,54.0,53.0,49.0,0.8421052631578947,4.552631578947368,0.5438555555555555,60.0,40.0,20.0,33.33,25.0,31.25,39.47,1.421,1.395,1.289
Italian Serie A,2022/23,Cremonese,38.0,5.0,17.0,16.0,4.0,1.0,0.0,0.0,3.0,1.0,12.0,27.0,36.0,69.0,0.7368421052631579,3.973684210526316,0.6052400000000001,80.0,20.0,0.0,17.65,0.0,6.25,31.58,0.711,0.947,1.816
Italian Serie A,2022/23,Empoli,38.0,10.0,10.0,18.0,4.0,4.0,2.0,0.0,3.0,6.0,21.0,43.0,37.0,49.0,0.9210526315789473,4.868421052631579,0.634725,40.0,60.0,20.0,30.0,0.0,33.33,55.26,1.132,0.974,1.289
Italian Serie A,2022/23,Fiorentina,38.0,10.0,11.0,17.0,9.0,1.0,0.0,1.0,4.0,5.0,17.0,56.0,53.0,43.0,0.8157894736842105,5.421052631578948,0.5223527777777777,90.0,10.0,0.0,45.45,9.09,29.41,44.74,1.474,1.395,1.132
Italian Serie A,2022/23,Inter,38.0,18.0,3.0,17.0,16.0,2.0,0.0,1.0,0.0,6.0,19.0,72.0,71.0,42.0,1.0789473684210527,4.157894736842105,0.5995486486486487,88.89,11.11,0.0,33.33,33.33,35.29,50.0,1.895,1.868,1.105
Italian Serie A,2022/23,Juventus,38.0,12.0,7.0,19.0,10.0,2.0,0.0,0.0,2.0,12.0,21.0,72.0,56.0,33.0,1.131578947368421,4.131578947368421,0.6040513513513514,83.33,16.67,0.0,28.57,0.0,63.16,55.26,1.895,1.474,0.868
Italian Serie A,2022/23,Lazio,38.0,19.0,5.0,14.0,12.0,4.0,3.0,1.0,0.0,9.0,18.0,74.0,60.0,30.0,1.1842105263157894,5.368421052631579,0.60524,63.16,36.84,15.79,20.0,20.0,64.29,47.37,1.947,1.579,0.789
Italian Serie A,2022/23,Lecce,38.0,9.0,14.0,15.0,4.0,4.0,1.0,1.0,1.0,3.0,15.0,36.0,33.0,46.0,0.6052631578947368,4.7631578947368425,0.4574111111111111,44.44,55.56,11.11,14.29,7.14,20.0,39.47,0.947,0.868,1.211
Italian Serie A,2022/23,Milan,38.0,16.0,7.0,15.0,14.0,2.0,0.0,0.0,2.0,6.0,13.0,70.0,64.0,43.0,0.868421052631579,5.5,0.5203371428571428,87.5,12.5,0.0,28.57,0.0,40.0,34.21,1.842,1.684,1.132
Italian Serie A,2022/23,Monza,38.0,10.0,13.0,15.0,9.0,1.0,0.0,1.0,4.0,4.0,16.0,52.0,48.0,52.0,0.8947368421052632,4.605263157894737,0.5863421052631579,90.0,10.0,0.0,38.46,7.69,26.67,42.11,1.368,1.263,1.368
Italian Serie A,2022/23,Napoli,38.0,17.0,3.0,18.0,16.0,1.0,0.0,0.0,1.0,12.0,16.0,90.0,77.0,28.0,1.105263157894737,3.789473684210526,0.6362444444444445,94.12,5.88,0.0,33.33,0.0,66.67,42.11,2.368,2.026,0.737
Italian Serie A,2022/23,Roma,38.0,11.0,11.0,16.0,10.0,0.0,1.0,0.0,3.0,8.0,14.0,63.0,50.0,38.0,0.7631578947368421,5.7894736842105265,0.4935648648648649,90.91,9.09,9.09,27.27,0.0,50.0,36.84,1.658,1.316,1.0
Italian Serie A,2022/23,Salernitana,38.0,9.0,18.0,11.0,4.0,5.0,0.0,2.0,3.0,3.0,14.0,42.0,48.0,62.0,0.9210526315789473,4.5,0.5504638888888889,44.44,55.56,0.0,27.78,11.11,27.27,36.84,1.105,1.263,1.632
Italian Serie A,2022/23,Sampdoria,38.0,4.0,21.0,13.0,2.0,2.0,0.0,0.0,4.0,1.0,15.0,19.0,24.0,71.0,1.0,5.052631578947368,0.5376171428571429,50.0,50.0,0.0,19.05,0.0,7.69,39.47,0.5,0.632,1.868
Italian Serie A,2022/23,Sassuolo,38.0,11.0,12.0,15.0,5.0,3.0,3.0,1.0,1.0,6.0,18.0,45.0,47.0,61.0,1.0263157894736843,4.894736842105263,0.5664027777777778,45.45,54.55,27.27,16.67,8.33,40.0,47.37,1.184,1.237,1.605
Italian Serie A,2022/23,Spezia,38.0,6.0,15.0,17.0,2.0,4.0,0.0,1.0,2.0,3.0,17.0,31.0,31.0,62.0,1.0263157894736843,4.526315789473684,0.5290485714285714,33.33,66.67,0.0,20.0,6.67,17.65,44.74,0.816,0.816,1.632
Italian Serie A,2022/23,Torino,38.0,15.0,11.0,12.0,12.0,2.0,1.0,0.0,4.0,2.0,14.0,53.0,42.0,41.0,0.6578947368421053,3.8947368421052633,0.5180189189189189,80.0,20.0,6.67,36.36,0.0,16.67,36.84,1.395,1.105,1.079
Italian Serie A,2022/23,Udinese,38.0,9.0,9.0,20.0,5.0,2.0,2.0,2.0,3.0,4.0,21.0,46.0,47.0,48.0,1.0,4.7105263157894735,0.5318617647058824,55.56,44.44,22.22,55.56,22.22,20.0,55.26,1.211,1.237,1.263
Italian Serie A,2022/23,Verona,38.0,8.0,14.0,16.0,5.0,1.0,2.0,1.0,3.0,1.0,17.0,31.0,31.0,59.0,0.868421052631579,4.7631578947368425,0.5181888888888888,62.5,37.5,25.0,28.57,7.14,6.25,44.74,0.816,0.816,1.553
Italian Serie A,2023/24,Atalanta,38.0,17.0,11.0,10.0,14.0,2.0,1.0,2.0,1.0,5.0,13.0,69.0,72.0,42.0,1.0526315789473684,3.789473684210526,0.5175675675675676,82.35,17.65,5.88,27.27,18.18,50.0,34.21,1.816,1.895,1.105
Italian Serie A,2023/24,Bologna,38.0,12.0,10.0,16.0,10.0,2.0,0.0,3.0,3.0,5.0,15.0,68.0,54.0,32.0,0.8947368421052632,5.5,0.502603125,83.33,16.67,0.0,60.0,30.0,31.25,39.47,1.789,1.421,0.842
Italian Serie A,2023/24,Cagliari,38.0,6.0,18.0,14.0,1.0,3.0,2.0,2.0,3.0,5.0,18.0,36.0,42.0,68.0,1.0263157894736843,4.473684210526316,0.588977142857143,16.67,83.33,33.33,27.78,11.11,35.71,47.37,0.947,1.105,1.789
Italian Serie A,2023/24,Empoli,38.0,7.0,15.0,16.0,7.0,0.0,0.0,0.0,2.0,2.0,11.0,36.0,29.0,54.0,0.7368421052631579,4.2894736842105265,0.603429411764706,100.0,0.0,0.0,13.33,0.0,12.5,28.95,0.947,0.763,1.421
Italian Serie A,2023/24,Fiorentina,38.0,15.0,13.0,10.0,10.0,5.0,0.0,1.0,3.0,6.0,18.0,60.0,61.0,46.0,0.8947368421052632,4.315789473684211,0.4882837837837839,66.67,33.33,0.0,30.77,7.69,60.0,47.37,1.579,1.605,1.211
Italian Serie A,2023/24,Frosinone,38.0,7.0,16.0,15.0,4.0,2.0,1.0,2.0,3.0,2.0,17.0,35.0,44.0,69.0,1.0789473684210527,4.078947368421052,0.5479060606060607,57.14,42.86,14.29,31.25,12.5,13.33,44.74,0.921,1.158,1.816
Italian Serie A,2023/24,Genoa,38.0,12.0,8.0,18.0,7.0,5.0,0.0,3.0,1.0,2.0,20.0,49.0,45.0,45.0,0.8421052631578947,4.7631578947368425,0.5438085714285713,58.33,41.67,0.0,50.0,37.5,11.11,52.63,1.289,1.184,1.184
Italian Serie A,2023/24,Inter,38.0,26.0,4.0,8.0,22.0,3.0,1.0,2.0,1.0,5.0,12.0,94.0,89.0,22.0,1.263157894736842,3.236842105263158,0.499128947368421,84.62,15.38,3.85,75.0,50.0,62.5,31.58,2.474,2.342,0.579
Italian Serie A,2023/24,Juventus,38.0,10.0,10.0,18.0,9.0,1.0,0.0,1.0,5.0,9.0,17.0,71.0,54.0,31.0,0.6842105263157895,4.184210526315789,0.5475529411764706,90.0,10.0,0.0,60.0,10.0,50.0,44.74,1.868,1.421,0.816
Italian Serie A,2023/24,Lazio,38.0,14.0,5.0,19.0,8.0,3.0,3.0,0.0,0.0,10.0,21.0,61.0,49.0,39.0,0.868421052631579,5.421052631578948,0.6259277777777777,57.14,42.86,21.43,0.0,0.0,52.63,55.26,1.605,1.289,1.026
Italian Serie A,2023/24,Lecce,38.0,6.0,14.0,18.0,4.0,1.0,1.0,1.0,5.0,3.0,18.0,38.0,32.0,54.0,1.0263157894736843,4.921052631578948,0.6425916666666667,66.67,33.33,16.67,42.86,7.14,16.67,47.37,1.0,0.842,1.421
Italian Serie A,2023/24,Milan,38.0,18.0,5.0,15.0,15.0,3.0,0.0,0.0,1.0,7.0,14.0,75.0,76.0,49.0,0.8157894736842105,4.894736842105263,0.5495513513513512,83.33,16.67,0.0,20.0,0.0,46.67,36.84,1.974,2.0,1.289
Italian Serie A,2023/24,Monza,38.0,10.0,13.0,15.0,8.0,1.0,1.0,0.0,2.0,3.0,10.0,45.0,39.0,51.0,0.6578947368421053,4.447368421052632,0.5292909090909091,80.0,20.0,10.0,15.38,0.0,20.0,26.32,1.184,1.026,1.342
Italian Serie A,2023/24,Napoli,38.0,10.0,11.0,17.0,9.0,1.0,0.0,1.0,4.0,3.0,14.0,53.0,55.0,48.0,0.8947368421052632,4.342105263157895,0.6258411764705881,90.0,10.0,0.0,45.45,9.09,17.65,36.84,1.395,1.447,1.263
Italian Serie A,2023/24,Roma,38.0,11.0,10.0,17.0,9.0,1.0,1.0,2.0,1.0,7.0,15.0,63.0,65.0,46.0,1.0263157894736843,5.2368421052631575,0.6255944444444445,81.82,18.18,9.09,30.0,20.0,41.18,39.47,1.658,1.711,1.211
Italian Serie A,2023/24,Salernitana,38.0,5.0,20.0,13.0,0.0,2.0,3.0,1.0,3.0,1.0,16.0,17.0,32.0,81.0,1.0789473684210527,4.578947368421052,0.5157621621621621,0.0,100.0,60.0,20.0,5.0,7.69,42.11,0.447,0.842,2.132
Italian Serie A,2023/24,Sassuolo,38.0,13.0,12.0,13.0,4.0,3.0,6.0,1.0,2.0,2.0,21.0,30.0,43.0,75.0,1.2105263157894737,3.710526315789474,0.5458052631578948,30.77,69.23,46.15,25.0,8.33,15.38,55.26,0.789,1.132,1.974
Italian Serie A,2023/24,Torino,38.0,8.0,3.0,27.0,8.0,0.0,0.0,0.0,0.0,5.0,13.0,53.0,36.0,36.0,0.7894736842105263,4.315789473684211,0.698848275862069,100.0,0.0,0.0,0.0,0.0,18.52,34.21,1.395,0.947,0.947
Italian Serie A,2023/24,Udinese,38.0,10.0,11.0,17.0,3.0,5.0,2.0,0.0,2.0,3.0,14.0,37.0,37.0,53.0,0.631578947368421,4.815789473684211,0.5622588235294118,30.0,70.0,20.0,18.18,0.0,17.65,36.84,0.974,0.974,1.395
Italian Serie A,2023/24,Verona,38.0,6.0,14.0,18.0,4.0,2.0,0.0,0.0,3.0,5.0,17.0,38.0,38.0,51.0,0.6842105263157895,4.526315789473684,0.5833314285714286,66.67,33.33,0.0,21.43,0.0,27.78,44.74,1.0,1.0,1.342
Italian Serie A,2024/25,Atalanta,38.0,15.0,8.0,15.0,13.0,0.0,2.0,3.0,2.0,6.0,16.0,74.0,78.0,37.0,1.131578947368421,3.1842105263157894,0.5569371428571429,86.67,13.33,13.33,62.5,37.5,40.0,42.11,1.947,2.053,0.974
Italian Serie A,2024/25,Bologna,38.0,9.0,12.0,17.0,7.0,2.0,0.0,2.0,4.0,7.0,17.0,62.0,57.0,47.0,0.9473684210526315,4.184210526315789,0.6447657142857143,77.78,22.22,0.0,50.0,16.67,41.18,44.74,1.632,1.5,1.237
Italian Serie A,2024/25,Cagliari,38.0,6.0,16.0,16.0,3.0,2.0,1.0,1.0,2.0,5.0,17.0,36.0,40.0,56.0,0.9473684210526315,3.5526315789473686,0.567617142857143,50.0,50.0,16.67,18.75,6.25,31.25,44.74,0.947,1.053,1.474
Italian Serie A,2024/25,Como,38.0,14.0,10.0,14.0,7.0,4.0,3.0,1.0,3.0,5.0,22.0,49.0,49.0,52.0,1.105263157894737,5.105263157894737,0.6193,50.0,50.0,21.43,40.0,10.0,35.71,57.89,1.289,1.289,1.368
Italian Serie A,2024/25,Empoli,38.0,9.0,10.0,19.0,4.0,4.0,1.0,1.0,0.0,1.0,16.0,31.0,33.0,59.0,0.8947368421052632,3.473684210526316,0.5691176470588236,44.44,55.56,11.11,10.0,10.0,5.26,42.11,0.816,0.868,1.553
Italian Serie A,2024/25,Fiorentina,38.0,16.0,10.0,12.0,13.0,2.0,1.0,2.0,2.0,4.0,15.0,65.0,60.0,41.0,0.8947368421052632,4.842105263157895,0.4838085714285714,81.25,18.75,6.25,40.0,20.0,33.33,39.47,1.711,1.579,1.079
Italian Serie A,2024/25,Genoa,38.0,5.0,12.0,21.0,4.0,0.0,1.0,0.0,6.0,6.0,21.0,43.0,37.0,49.0,1.0526315789473684,3.9473684210526314,0.6705852941176471,80.0,20.0,20.0,50.0,0.0,28.57,55.26,1.132,0.974,1.289
Italian Serie A,2024/25,Inter,38.0,19.0,3.0,16.0,14.0,5.0,0.0,1.0,1.0,9.0,20.0,81.0,79.0,35.0,1.1578947368421053,3.0,0.5787263157894736,73.68,26.32,0.0,66.67,33.33,56.25,52.63,2.132,2.079,0.921
Italian Serie A,2024/25,Juventus,38.0,15.0,7.0,16.0,10.0,4.0,1.0,1.0,3.0,7.0,16.0,70.0,58.0,35.0,0.868421052631579,3.736842105263158,0.5267117647058823,66.67,33.33,6.67,57.14,14.29,43.75,42.11,1.842,1.526,0.921
Italian Serie A,2024/25,Lazio,38.0,16.0,10.0,12.0,13.0,2.0,1.0,0.0,3.0,5.0,12.0,65.0,61.0,49.0,0.9210526315789473,5.894736842105263,0.5770297297297297,81.25,18.75,6.25,30.0,0.0,41.67,31.58,1.711,1.605,1.289
Italian Serie A,2024/25,Lecce,38.0,8.0,13.0,17.0,4.0,2.0,2.0,0.0,1.0,4.0,15.0,34.0,27.0,58.0,0.9210526315789473,4.026315789473684,0.5573529411764706,50.0,50.0,25.0,7.69,0.0,23.53,39.47,0.895,0.711,1.526
Italian Serie A,2024/25,Milan,38.0,11.0,10.0,17.0,7.0,3.0,1.0,2.0,2.0,9.0,21.0,63.0,61.0,43.0,0.8947368421052632,3.9210526315789473,0.5828722222222223,63.64,36.36,9.09,40.0,20.0,52.94,55.26,1.658,1.605,1.132
Italian Serie A,2024/25,Monza,38.0,5.0,16.0,17.0,2.0,1.0,2.0,0.0,1.0,1.0,14.0,18.0,28.0,69.0,0.8947368421052632,4.157894736842105,0.5388888888888889,40.0,60.0,40.0,6.25,0.0,5.88,36.84,0.474,0.737,1.816
Italian Serie A,2024/25,Napoli,38.0,17.0,5.0,16.0,15.0,2.0,0.0,3.0,1.0,6.0,15.0,82.0,59.0,27.0,0.9473684210526315,3.1315789473684212,0.5209542857142857,88.24,11.76,0.0,80.0,60.0,37.5,39.47,2.158,1.553,0.711
Italian Serie A,2024/25,Parma,38.0,9.0,13.0,16.0,4.0,3.0,2.0,1.0,5.0,2.0,20.0,36.0,44.0,58.0,0.868421052631579,4.2105263157894735,0.5949515151515152,44.44,55.56,22.22,46.15,7.69,12.5,52.63,0.947,1.158,1.526
Italian Serie A,2024/25,Roma,38.0,12.0,9.0,17.0,11.0,1.0,0.0,3.0,2.0,6.0,17.0,69.0,56.0,35.0,0.9473684210526315,4.078947368421052,0.5527805555555556,91.67,8.33,0.0,55.56,33.33,35.29,44.74,1.816,1.474,0.921
Italian Serie A,2024/25,Torino,38.0,8.0,13.0,17.0,5.0,3.0,0.0,0.0,3.0,5.0,15.0,44.0,39.0,45.0,0.5789473684210527,3.8684210526315788,0.5585714285714285,62.5,37.5,0.0,23.08,0.0,29.41,39.47,1.158,1.026,1.184
Italian Serie A,2024/25,Udinese,38.0,13.0,12.0,13.0,7.0,1.0,5.0,2.0,1.0,3.0,16.0,44.0,41.0,56.0,0.9736842105263158,4.052631578947368,0.5466714285714286,53.85,46.15,38.46,25.0,16.67,23.08,42.11,1.158,1.079,1.474
Italian Serie A,2024/25,Venezia,38.0,6.0,10.0,22.0,1.0,4.0,1.0,1.0,1.0,3.0,20.0,29.0,32.0,56.0,0.7894736842105263,3.9210526315789473,0.6485294117647058,16.67,83.33,16.67,20.0,10.0,13.64,52.63,0.763,0.842,1.474
Italian Serie A,2024/25,Verona,38.0,3.0,17.0,18.0,3.0,0.0,0.0,0.0,2.0,7.0,15.0,37.0,34.0,66.0,0.7368421052631579,4.078947368421052,0.5174142857142857,100.0,0.0,0.0,11.76,0.0,38.89,39.47,0.974,0.895,1.737
Spanish La Liga,2015/16,Ath Bilbao,38.0,15.0,10.0,13.0,11.0,3.0,1.0,0.0,1.0,7.0,14.0,62.0,58.0,45.0,0.8421052631578947,5.421052631578948,0.5694676470588236,73.33,26.67,6.67,10.0,0.0,53.85,36.84,1.632,1.526,1.184
Spanish La Liga,2015/16,Ath Madrid,38.0,17.0,3.0,18.0,15.0,1.0,1.0,0.0,1.0,13.0,19.0,88.0,63.0,18.0,1.131578947368421,4.842105263157895,0.5879666666666667,88.24,11.76,5.88,33.33,0.0,72.22,50.0,2.316,1.658,0.474
Spanish La Liga,2015/16,Barcelona,38.0,21.0,3.0,14.0,19.0,2.0,0.0,0.0,0.0,10.0,14.0,91.0,112.0,29.0,1.736842105263158,5.105263157894737,0.6063675675675677,90.48,9.52,0.0,0.0,0.0,71.43,36.84,2.395,2.947,0.763
Spanish La Liga,2015/16,Betis,38.0,9.0,12.0,17.0,4.0,5.0,0.0,1.0,2.0,6.0,20.0,45.0,34.0,52.0,1.0,6.184210526315789,0.6314285714285715,44.44,55.56,0.0,25.0,8.33,35.29,52.63,1.184,0.895,1.368
Spanish La Liga,2015/16,Celta,38.0,15.0,10.0,13.0,13.0,2.0,0.0,1.0,3.0,3.0,15.0,60.0,51.0,59.0,1.0,5.894736842105263,0.5065833333333334,86.67,13.33,0.0,40.0,10.0,23.08,39.47,1.579,1.342,1.553
Spanish La Liga,2015/16,Eibar,38.0,14.0,14.0,10.0,8.0,6.0,0.0,0.0,2.0,3.0,16.0,43.0,49.0,61.0,0.9473684210526315,5.342105263157895,0.46248378378378374,57.14,42.86,0.0,14.29,0.0,30.0,42.11,1.132,1.289,1.605
Spanish La Liga,2015/16,Espanol,38.0,8.0,17.0,13.0,6.0,1.0,1.0,1.0,2.0,5.0,14.0,43.0,40.0,74.0,1.0263157894736843,6.2368421052631575,0.4842351351351351,75.0,25.0,12.5,17.65,5.88,38.46,36.84,1.132,1.053,1.947
Spanish La Liga,2015/16,Getafe,38.0,6.0,19.0,13.0,5.0,1.0,0.0,1.0,0.0,3.0,7.0,36.0,37.0,67.0,0.868421052631579,5.657894736842105,0.515738888888889,83.33,16.67,0.0,5.26,5.26,23.08,18.42,0.947,0.974,1.763
Spanish La Liga,2015/16,Granada,38.0,9.0,17.0,12.0,7.0,2.0,0.0,0.0,3.0,3.0,13.0,39.0,46.0,69.0,0.9210526315789473,6.605263157894737,0.5536027027027027,77.78,22.22,0.0,17.65,0.0,25.0,34.21,1.026,1.211,1.816
Spanish La Liga,2015/16,La Coruna,38.0,12.0,16.0,10.0,7.0,5.0,0.0,0.0,7.0,1.0,16.0,42.0,45.0,61.0,0.9736842105263158,4.368421052631579,0.49166944444444444,58.33,41.67,0.0,43.75,0.0,10.0,42.11,1.105,1.184,1.605
Spanish La Liga,2015/16,Las Palmas,38.0,9.0,17.0,12.0,8.0,1.0,0.0,1.0,3.0,3.0,13.0,44.0,45.0,53.0,0.9210526315789473,5.315789473684211,0.5200028571428571,88.89,11.11,0.0,23.53,5.88,25.0,34.21,1.158,1.184,1.395
Spanish La Liga,2015/16,Levante,38.0,5.0,16.0,17.0,3.0,2.0,0.0,0.0,3.0,5.0,19.0,32.0,37.0,70.0,1.0,5.894736842105263,0.6253944444444445,60.0,40.0,0.0,18.75,0.0,29.41,50.0,0.842,0.974,1.842
Spanish La Liga,2015/16,Malaga,38.0,7.0,9.0,22.0,6.0,1.0,0.0,1.0,1.0,5.0,15.0,48.0,38.0,35.0,0.6052631578947368,6.0,0.5373727272727272,85.71,14.29,0.0,22.22,11.11,22.73,39.47,1.263,1.0,0.921
Spanish La Liga,2015/16,Real Madrid,38.0,26.0,4.0,8.0,24.0,2.0,0.0,1.0,1.0,3.0,9.0,90.0,110.0,34.0,1.236842105263158,5.078947368421052,0.5127333333333334,92.31,7.69,0.0,50.0,25.0,37.5,23.68,2.368,2.895,0.895
Spanish La Liga,2015/16,Sevilla,38.0,11.0,13.0,14.0,7.0,4.0,0.0,1.0,2.0,6.0,17.0,52.0,51.0,50.0,1.0526315789473684,5.7631578947368425,0.5861885714285714,63.64,36.36,0.0,23.08,7.69,42.86,44.74,1.368,1.342,1.316
Spanish La Liga,2015/16,Sociedad,38.0,10.0,12.0,16.0,9.0,0.0,1.0,0.0,1.0,4.0,10.0,48.0,45.0,48.0,0.868421052631579,6.078947368421052,0.4735235294117648,90.0,10.0,10.0,8.33,0.0,25.0,26.32,1.263,1.184,1.263
Spanish La Liga,2015/16,Sp Gijon,38.0,9.0,13.0,16.0,6.0,1.0,2.0,1.0,2.0,3.0,16.0,39.0,40.0,62.0,1.0,5.368421052631579,0.5619085714285715,66.67,33.33,22.22,23.08,7.69,18.75,42.11,1.026,1.053,1.632
Spanish La Liga,2015/16,Valencia,38.0,8.0,7.0,23.0,6.0,1.0,1.0,0.0,3.0,5.0,21.0,44.0,46.0,48.0,1.0,5.394736842105263,0.6324055555555557,75.0,25.0,12.5,42.86,0.0,21.74,55.26,1.158,1.211,1.263
Spanish La Liga,2015/16,Vallecano,38.0,13.0,14.0,11.0,8.0,2.0,3.0,0.0,3.0,1.0,13.0,38.0,52.0,73.0,1.0263157894736843,5.315789473684211,0.5312135135135134,61.54,38.46,23.08,21.43,0.0,9.09,34.21,1.0,1.368,1.921
Spanish La Liga,2015/16,Villarreal,38.0,13.0,11.0,14.0,11.0,1.0,1.0,2.0,3.0,5.0,15.0,64.0,44.0,35.0,0.8947368421052632,5.2368421052631575,0.53385625,84.62,15.38,7.69,45.45,18.18,35.71,39.47,1.684,1.158,0.921
Spanish La Liga,2016/17,Alaves,38.0,9.0,8.0,21.0,7.0,2.0,0.0,1.0,2.0,6.0,17.0,55.0,41.0,43.0,0.8947368421052632,5.842105263157895,0.7015656250000001,77.78,22.22,0.0,37.5,12.5,28.57,44.74,1.447,1.079,1.132
Spanish La Liga,2016/17,Ath Bilbao,38.0,12.0,11.0,15.0,10.0,1.0,1.0,3.0,0.0,6.0,15.0,63.0,53.0,43.0,0.8157894736842105,5.526315789473684,0.5085714285714286,83.33,16.67,8.33,27.27,27.27,40.0,39.47,1.658,1.395,1.132
Spanish La Liga,2016/17,Ath Madrid,38.0,13.0,4.0,21.0,13.0,0.0,0.0,0.0,2.0,10.0,16.0,78.0,70.0,27.0,1.1578947368421053,4.7894736842105265,0.7078571428571429,100.0,0.0,0.0,50.0,0.0,47.62,42.11,2.053,1.842,0.711
Spanish La Liga,2016/17,Barcelona,38.0,21.0,5.0,12.0,20.0,1.0,0.0,1.0,0.0,7.0,9.0,90.0,116.0,37.0,1.4473684210526316,4.815789473684211,0.6283783783783784,95.24,4.76,0.0,20.0,20.0,58.33,23.68,2.368,3.053,0.974
Spanish La Liga,2016/17,Betis,38.0,9.0,11.0,18.0,7.0,0.0,2.0,1.0,1.0,2.0,14.0,39.0,41.0,64.0,0.7631578947368421,5.578947368421052,0.6251057142857144,77.78,22.22,22.22,18.18,9.09,11.11,36.84,1.026,1.079,1.684
Spanish La Liga,2016/17,Celta,38.0,8.0,9.0,21.0,7.0,1.0,0.0,0.0,0.0,6.0,17.0,45.0,53.0,69.0,1.263157894736842,5.2631578947368425,0.6848162162162161,87.5,12.5,0.0,0.0,0.0,28.57,44.74,1.184,1.395,1.816
Spanish La Liga,2016/17,Eibar,38.0,13.0,10.0,15.0,10.0,2.0,1.0,2.0,2.0,3.0,17.0,54.0,56.0,51.0,1.0789473684210527,5.2368421052631575,0.5976861111111111,76.92,23.08,7.69,40.0,20.0,20.0,44.74,1.421,1.474,1.342
Spanish La Liga,2016/17,Espanol,38.0,9.0,9.0,20.0,8.0,1.0,0.0,0.0,3.0,7.0,17.0,56.0,49.0,50.0,0.9210526315789473,4.552631578947368,0.6378852941176472,88.89,11.11,0.0,33.33,0.0,35.0,44.74,1.474,1.289,1.316
Spanish La Liga,2016/17,Granada,38.0,6.0,17.0,15.0,4.0,2.0,0.0,0.0,2.0,0.0,15.0,20.0,30.0,82.0,1.0,4.921052631578948,0.5956055555555556,66.67,33.33,0.0,11.76,0.0,0.0,39.47,0.526,0.789,2.158
Spanish La Liga,2016/17,La Coruna,38.0,11.0,11.0,16.0,6.0,2.0,3.0,0.0,1.0,2.0,13.0,36.0,43.0,61.0,0.7631578947368421,4.947368421052632,0.5476212121212122,54.55,45.45,27.27,9.09,0.0,12.5,34.21,0.947,1.132,1.605
Spanish La Liga,2016/17,Las Palmas,38.0,10.0,16.0,12.0,5.0,3.0,2.0,1.0,3.0,4.0,18.0,39.0,53.0,74.0,1.1842105263157894,5.526315789473684,0.5421513513513514,50.0,50.0,20.0,25.0,6.25,33.33,47.37,1.026,1.395,1.947
Spanish La Liga,2016/17,Leganes,38.0,5.0,14.0,19.0,3.0,2.0,0.0,1.0,2.0,4.0,17.0,35.0,36.0,55.0,1.0263157894736843,4.947368421052632,0.6215676470588235,60.0,40.0,0.0,21.43,7.14,21.05,44.74,0.921,0.947,1.447
Spanish La Liga,2016/17,Malaga,38.0,10.0,16.0,12.0,7.0,2.0,1.0,1.0,3.0,4.0,14.0,46.0,49.0,55.0,0.8421052631578947,5.894736842105263,0.5033749999999999,70.0,30.0,10.0,25.0,6.25,33.33,36.84,1.211,1.289,1.447
Spanish La Liga,2016/17,Osasuna,38.0,5.0,19.0,14.0,0.0,3.0,2.0,0.0,1.0,4.0,14.0,22.0,40.0,94.0,1.0789473684210527,4.842105263157895,0.5641567567567568,0.0,100.0,40.0,5.26,0.0,28.57,36.84,0.579,1.053,2.474
Spanish La Liga,2016/17,Real Madrid,38.0,22.0,2.0,14.0,22.0,0.0,0.0,0.0,1.0,7.0,10.0,93.0,106.0,41.0,0.868421052631579,5.026315789473684,0.524563157894737,100.0,0.0,0.0,50.0,0.0,50.0,26.32,2.447,2.789,1.079
Spanish La Liga,2016/17,Sevilla,38.0,11.0,9.0,18.0,8.0,3.0,0.0,3.0,0.0,10.0,18.0,72.0,69.0,49.0,0.9736842105263158,5.947368421052632,0.5715029411764706,72.73,27.27,0.0,33.33,33.33,55.56,47.37,1.895,1.816,1.289
Spanish La Liga,2016/17,Sociedad,38.0,11.0,12.0,15.0,10.0,0.0,1.0,1.0,2.0,8.0,14.0,64.0,59.0,53.0,0.868421052631579,5.2368421052631575,0.5938605263157894,90.91,9.09,9.09,25.0,8.33,53.33,36.84,1.684,1.553,1.395
Spanish La Liga,2016/17,Sp Gijon,38.0,5.0,13.0,20.0,3.0,1.0,1.0,0.0,1.0,4.0,15.0,31.0,42.0,72.0,0.8947368421052632,5.184210526315789,0.60035,60.0,40.0,20.0,7.69,0.0,20.0,39.47,0.816,1.105,1.895
Spanish La Liga,2016/17,Valencia,38.0,10.0,13.0,15.0,8.0,2.0,0.0,0.0,2.0,5.0,16.0,46.0,56.0,65.0,0.7368421052631579,5.526315789473684,0.4990722222222222,80.0,20.0,0.0,15.38,0.0,33.33,42.11,1.211,1.474,1.711
Spanish La Liga,2016/17,Villarreal,38.0,16.0,7.0,15.0,13.0,1.0,2.0,1.0,1.0,5.0,12.0,67.0,56.0,33.0,0.7368421052631579,4.973684210526316,0.5375,81.25,18.75,12.5,28.57,14.29,33.33,31.58,1.763,1.474,0.868
Spanish La Liga,2017/18,Alaves,38.0,9.0,15.0,14.0,8.0,0.0,1.0,0.0,0.0,7.0,13.0,47.0,40.0,50.0,0.8947368421052632,5.368421052631579,0.6063108108108108,88.89,11.11,11.11,0.0,0.0,50.0,34.21,1.237,1.053,1.316
Spanish La Liga,2017/18,Ath Bilbao,38.0,10.0,13.0,15.0,9.0,1.0,0.0,0.0,2.0,1.0,8.0,43.0,41.0,49.0,0.5263157894736842,5.473684210526316,0.49362941176470587,90.0,10.0,0.0,15.38,0.0,6.67,21.05,1.132,1.079,1.289
Spanish La Liga,2017/18,Ath Madrid,38.0,16.0,4.0,18.0,13.0,2.0,1.0,1.0,1.0,9.0,16.0,79.0,58.0,22.0,1.0263157894736843,5.2368421052631575,0.6268970588235295,81.25,18.75,6.25,50.0,25.0,50.0,42.11,2.079,1.526,0.579
Spanish La Liga,2017/18,Barcelona,38.0,20.0,6.0,12.0,19.0,1.0,0.0,3.0,2.0,6.0,12.0,93.0,99.0,29.0,1.2105263157894737,4.578947368421052,0.590545945945946,95.0,5.0,0.0,83.33,50.0,50.0,31.58,2.447,2.605,0.763
Spanish La Liga,2017/18,Betis,38.0,10.0,10.0,18.0,8.0,1.0,1.0,0.0,2.0,10.0,19.0,60.0,60.0,61.0,1.1578947368421053,5.157894736842105,0.6010027777777779,80.0,20.0,10.0,20.0,0.0,55.56,50.0,1.579,1.579,1.605
Spanish La Liga,2017/18,Celta,38.0,12.0,12.0,14.0,10.0,2.0,0.0,0.0,1.0,3.0,10.0,49.0,59.0,60.0,0.7105263157894737,4.921052631578948,0.46569999999999995,83.33,16.67,0.0,8.33,0.0,21.43,26.32,1.289,1.553,1.579
Spanish La Liga,2017/18,Eibar,38.0,9.0,16.0,13.0,9.0,0.0,0.0,1.0,2.0,4.0,9.0,51.0,44.0,50.0,0.8157894736842105,4.605263157894737,0.5018941176470589,100.0,0.0,0.0,18.75,6.25,30.77,23.68,1.342,1.158,1.316
Spanish La Liga,2017/18,Espanol,38.0,8.0,14.0,16.0,6.0,2.0,0.0,1.0,2.0,5.0,12.0,49.0,36.0,42.0,0.7105263157894737,5.473684210526316,0.5058823529411764,75.0,25.0,0.0,21.43,7.14,31.25,31.58,1.289,0.947,1.105
Spanish La Liga,2017/18,Getafe,38.0,9.0,8.0,21.0,7.0,1.0,1.0,1.0,1.0,7.0,17.0,55.0,42.0,33.0,0.7631578947368421,6.526315789473684,0.6401999999999999,77.78,22.22,11.11,25.0,12.5,33.33,44.74,1.447,1.105,0.868
Spanish La Liga,2017/18,Girona,38.0,13.0,12.0,13.0,11.0,2.0,0.0,1.0,2.0,2.0,13.0,51.0,50.0,59.0,1.0,5.7894736842105265,0.5068555555555556,84.62,15.38,0.0,25.0,8.33,15.38,34.21,1.342,1.316,1.553
Spanish La Liga,2017/18,La Coruna,38.0,5.0,18.0,15.0,3.0,2.0,0.0,0.0,2.0,3.0,12.0,29.0,38.0,76.0,0.8947368421052632,4.657894736842105,0.5022058823529412,60.0,40.0,0.0,11.11,0.0,20.0,31.58,0.763,1.0,2.0
Spanish La Liga,2017/18,Las Palmas,38.0,4.0,15.0,19.0,2.0,1.0,1.0,0.0,2.0,3.0,19.0,22.0,24.0,74.0,1.263157894736842,5.447368421052632,0.6193805555555555,50.0,50.0,25.0,13.33,0.0,15.79,50.0,0.579,0.632,1.947
Spanish La Liga,2017/18,Leganes,38.0,4.0,15.0,19.0,4.0,0.0,0.0,0.0,0.0,8.0,12.0,43.0,34.0,51.0,0.7105263157894737,5.2368421052631575,0.62865,100.0,0.0,0.0,0.0,0.0,42.11,31.58,1.132,0.895,1.342
Spanish La Liga,2017/18,Levante,38.0,6.0,11.0,21.0,5.0,1.0,0.0,0.0,2.0,6.0,14.0,46.0,44.0,58.0,0.9473684210526315,5.7368421052631575,0.6402,83.33,16.67,0.0,18.18,0.0,28.57,36.84,1.211,1.158,1.526
Spanish La Liga,2017/18,Malaga,38.0,6.0,14.0,18.0,4.0,1.0,1.0,0.0,0.0,1.0,16.0,20.0,24.0,61.0,0.8421052631578947,4.842105263157895,0.5719085714285714,66.67,33.33,16.67,0.0,0.0,5.56,42.11,0.526,0.632,1.605
Spanish La Liga,2017/18,Real Madrid,38.0,23.0,3.0,12.0,20.0,2.0,1.0,1.0,1.0,1.0,10.0,76.0,94.0,44.0,1.0789473684210527,4.473684210526316,0.5339750000000001,86.96,13.04,4.35,66.67,33.33,8.33,26.32,2.0,2.474,1.158
Spanish La Liga,2017/18,Sevilla,38.0,9.0,12.0,17.0,8.0,1.0,0.0,1.0,2.0,8.0,17.0,58.0,49.0,58.0,0.9736842105263158,5.0,0.6073416666666667,88.89,11.11,0.0,25.0,8.33,47.06,44.74,1.526,1.289,1.526
Spanish La Liga,2017/18,Sociedad,38.0,16.0,8.0,14.0,11.0,1.0,4.0,0.0,1.0,3.0,15.0,49.0,66.0,59.0,1.0263157894736843,4.2368421052631575,0.5098685714285713,68.75,31.25,25.0,12.5,0.0,21.43,39.47,1.289,1.737,1.553
Spanish La Liga,2017/18,Valencia,38.0,16.0,5.0,17.0,15.0,1.0,0.0,1.0,0.0,6.0,13.0,73.0,65.0,38.0,0.7894736842105263,5.7894736842105265,0.6331861111111111,93.75,6.25,0.0,20.0,20.0,35.29,34.21,1.921,1.711,1.0
Spanish La Liga,2017/18,Villarreal,38.0,16.0,10.0,12.0,11.0,4.0,1.0,1.0,1.0,6.0,17.0,61.0,57.0,50.0,1.0789473684210527,5.552631578947368,0.5765837837837838,68.75,31.25,6.25,20.0,10.0,50.0,44.74,1.605,1.5,1.316
Spanish La Liga,2018/19,Alaves,38.0,9.0,13.0,16.0,5.0,3.0,1.0,2.0,1.0,6.0,16.0,50.0,39.0,50.0,1.0,5.2105263157894735,0.5500057142857143,55.56,44.44,11.11,23.08,15.38,37.5,42.11,1.316,1.026,1.316
Spanish La Liga,2018/19,Ath Bilbao,38.0,13.0,8.0,17.0,7.0,5.0,1.0,1.0,2.0,5.0,19.0,53.0,41.0,45.0,0.9473684210526315,6.131578947368421,0.50238,53.85,46.15,7.69,37.5,12.5,29.41,50.0,1.395,1.079,1.184
Spanish La Liga,2018/19,Ath Madrid,38.0,13.0,5.0,20.0,11.0,2.0,0.0,1.0,2.0,10.0,19.0,76.0,55.0,29.0,1.0263157894736843,5.447368421052632,0.6959486486486487,84.62,15.38,0.0,60.0,20.0,50.0,50.0,2.0,1.447,0.763
Spanish La Liga,2018/19,Barcelona,38.0,18.0,5.0,15.0,16.0,1.0,1.0,2.0,2.0,8.0,15.0,87.0,90.0,36.0,1.1842105263157894,4.894736842105263,0.566375,88.89,11.11,5.56,80.0,40.0,53.33,39.47,2.289,2.368,0.947
Spanish La Liga,2018/19,Betis,38.0,6.0,16.0,16.0,4.0,2.0,0.0,1.0,3.0,9.0,19.0,50.0,44.0,52.0,0.8947368421052632,5.7894736842105265,0.6161388888888888,66.67,33.33,0.0,25.0,6.25,56.25,50.0,1.316,1.158,1.368
Spanish La Liga,2018/19,Celta,38.0,10.0,15.0,13.0,5.0,3.0,2.0,2.0,5.0,3.0,22.0,41.0,53.0,62.0,1.0789473684210527,4.7631578947368425,0.64238,50.0,50.0,20.0,46.67,13.33,23.08,57.89,1.079,1.395,1.632
Spanish La Liga,2018/19,Eibar,38.0,7.0,13.0,18.0,4.0,2.0,1.0,2.0,6.0,5.0,23.0,47.0,46.0,50.0,1.0789473684210527,4.315789473684211,0.6363472222222222,57.14,42.86,14.29,61.54,15.38,27.78,60.53,1.237,1.211,1.316
Spanish La Liga,2018/19,Espanol,38.0,16.0,7.0,15.0,6.0,8.0,2.0,1.0,1.0,7.0,25.0,53.0,48.0,50.0,1.131578947368421,5.552631578947368,0.6090135135135134,37.5,62.5,12.5,28.57,14.29,46.67,65.79,1.395,1.263,1.316
Spanish La Liga,2018/19,Getafe,38.0,10.0,8.0,20.0,8.0,2.0,0.0,1.0,1.0,6.0,13.0,59.0,48.0,35.0,0.7631578947368421,6.131578947368421,0.6519617647058823,80.0,20.0,0.0,25.0,12.5,30.0,34.21,1.553,1.263,0.921
Spanish La Liga,2018/19,Girona,38.0,11.0,8.0,19.0,5.0,4.0,2.0,1.0,0.0,3.0,20.0,37.0,37.0,53.0,0.868421052631579,5.526315789473684,0.6357882352941175,45.45,54.55,18.18,12.5,12.5,15.79,52.63,0.974,0.974,1.395
Spanish La Liga,2018/19,Huesca,38.0,6.0,18.0,14.0,4.0,1.0,1.0,1.0,5.0,2.0,16.0,33.0,43.0,65.0,0.8947368421052632,5.447368421052632,0.5635742857142857,66.67,33.33,16.67,33.33,5.56,14.29,42.11,0.868,1.132,1.711
Spanish La Liga,2018/19,Leganes,38.0,10.0,12.0,16.0,7.0,2.0,1.0,1.0,5.0,3.0,20.0,45.0,37.0,43.0,0.8947368421052632,5.342105263157895,0.5861914285714286,70.0,30.0,10.0,50.0,8.33,18.75,52.63,1.184,0.974,1.132
Spanish La Liga,2018/19,Levante,38.0,15.0,12.0,11.0,9.0,5.0,1.0,0.0,3.0,2.0,17.0,44.0,59.0,66.0,1.1578947368421053,5.7368421052631575,0.6346864864864866,60.0,40.0,6.67,25.0,0.0,18.18,44.74,1.158,1.553,1.737
Spanish La Liga,2018/19,Real Madrid,38.0,14.0,11.0,13.0,12.0,1.0,1.0,1.0,2.0,8.0,16.0,68.0,63.0,46.0,1.131578947368421,4.868421052631579,0.5314861111111111,85.71,14.29,7.14,27.27,9.09,61.54,42.11,1.789,1.658,1.211
Spanish La Liga,2018/19,Sevilla,38.0,9.0,13.0,16.0,8.0,0.0,1.0,1.0,4.0,8.0,18.0,59.0,62.0,47.0,1.105263157894737,5.947368421052632,0.6168333333333335,88.89,11.11,11.11,38.46,7.69,50.0,47.37,1.553,1.632,1.237
Spanish La Liga,2018/19,Sociedad,38.0,11.0,12.0,15.0,6.0,3.0,2.0,1.0,3.0,6.0,19.0,50.0,45.0,46.0,0.9210526315789473,5.157894736842105,0.4822545454545455,54.55,45.45,18.18,33.33,8.33,40.0,50.0,1.316,1.184,1.211
Spanish La Liga,2018/19,Valencia,38.0,15.0,6.0,17.0,11.0,4.0,0.0,1.0,2.0,3.0,14.0,61.0,51.0,35.0,0.7105263157894737,5.526315789473684,0.5804750000000001,73.33,26.67,0.0,50.0,16.67,17.65,36.84,1.605,1.342,0.921
Spanish La Liga,2018/19,Valladolid,38.0,6.0,14.0,18.0,5.0,1.0,0.0,1.0,4.0,4.0,18.0,41.0,32.0,51.0,0.8157894736842105,5.342105263157895,0.5990235294117646,83.33,16.67,0.0,35.71,7.14,22.22,47.37,1.079,0.842,1.342
Spanish La Liga,2018/19,Vallecano,38.0,13.0,12.0,13.0,5.0,5.0,3.0,0.0,1.0,3.0,20.0,32.0,41.0,70.0,1.0526315789473684,5.0,0.5482027027027027,38.46,61.54,23.08,8.33,0.0,23.08,52.63,0.842,1.079,1.842
Spanish La Liga,2018/19,Villarreal,38.0,6.0,10.0,22.0,2.0,2.0,2.0,1.0,4.0,7.0,23.0,44.0,49.0,52.0,0.9736842105263158,5.447368421052632,0.6987735294117646,33.33,66.67,33.33,50.0,10.0,31.82,60.53,1.158,1.289,1.368
Spanish La Liga,2019/20,Alaves,38.0,2.0,15.0,21.0,1.0,1.0,0.0,0.0,2.0,9.0,18.0,39.0,34.0,59.0,0.9473684210526315,5.342105263157895,0.6935166666666667,50.0,50.0,0.0,13.33,0.0,42.86,47.37,1.026,0.895,1.553
Spanish La Liga,2019/20,Ath Bilbao,38.0,14.0,7.0,17.0,10.0,3.0,1.0,1.0,0.0,2.0,13.0,51.0,41.0,38.0,0.7368421052631579,4.7894736842105265,0.5455882352941177,71.43,28.57,7.14,14.29,14.29,11.76,34.21,1.342,1.079,1.0
Spanish La Liga,2019/20,Ath Madrid,38.0,12.0,4.0,22.0,8.0,4.0,0.0,1.0,2.0,9.0,19.0,70.0,51.0,27.0,0.868421052631579,5.684210526315789,0.5843424242424242,66.67,33.33,0.0,75.0,25.0,40.91,50.0,1.842,1.342,0.711
Spanish La Liga,2019/20,Barcelona,38.0,19.0,5.0,14.0,17.0,1.0,1.0,1.0,2.0,7.0,15.0,82.0,86.0,38.0,1.1578947368421053,5.0,0.5839277777777777,89.47,10.53,5.26,60.0,20.0,50.0,39.47,2.158,2.263,1.0
Spanish La Liga,2019/20,Betis,38.0,5.0,12.0,21.0,5.0,0.0,0.0,0.0,6.0,5.0,22.0,41.0,48.0,60.0,0.9210526315789473,6.131578947368421,0.5675457142857143,100.0,0.0,0.0,50.0,0.0,23.81,57.89,1.079,1.263,1.579
Spanish La Liga,2019/20,Celta,38.0,6.0,10.0,22.0,3.0,2.0,1.0,1.0,2.0,3.0,16.0,37.0,37.0,49.0,0.7894736842105263,6.131578947368421,0.667741935483871,50.0,50.0,16.67,30.0,10.0,13.64,42.11,0.974,0.974,1.289
Spanish La Liga,2019/20,Eibar,38.0,9.0,11.0,18.0,7.0,1.0,1.0,1.0,0.0,3.0,13.0,42.0,39.0,56.0,0.8947368421052632,4.368421052631579,0.5353575757575758,77.78,22.22,11.11,9.09,9.09,16.67,34.21,1.105,1.026,1.474
Spanish La Liga,2019/20,Espanol,38.0,9.0,13.0,16.0,3.0,3.0,3.0,0.0,1.0,2.0,17.0,25.0,27.0,58.0,0.8421052631578947,5.157894736842105,0.54762,33.33,66.67,33.33,7.69,0.0,12.5,44.74,0.658,0.711,1.526
Spanish La Liga,2019/20,Getafe,38.0,9.0,7.0,22.0,7.0,1.0,1.0,1.0,1.0,6.0,16.0,54.0,43.0,37.0,0.9473684210526315,7.184210526315789,0.5808121212121212,77.78,22.22,11.11,28.57,14.29,27.27,42.11,1.421,1.132,0.974
Spanish La Liga,2019/20,Granada,38.0,11.0,11.0,16.0,10.0,1.0,0.0,1.0,1.0,5.0,13.0,56.0,52.0,45.0,0.7631578947368421,6.157894736842105,0.5328694444444445,90.91,9.09,0.0,18.18,9.09,31.25,34.21,1.474,1.368,1.184
Spanish La Liga,2019/20,Leganes,38.0,7.0,13.0,18.0,4.0,2.0,1.0,2.0,1.0,2.0,15.0,36.0,30.0,51.0,0.7105263157894737,6.368421052631579,0.5808852941176471,57.14,42.86,14.29,23.08,15.38,11.11,39.47,0.947,0.789,1.342
Spanish La Liga,2019/20,Levante,38.0,8.0,12.0,18.0,4.0,2.0,2.0,3.0,0.0,7.0,20.0,49.0,47.0,53.0,1.131578947368421,4.7631578947368425,0.6138916666666667,50.0,50.0,25.0,25.0,25.0,38.89,52.63,1.289,1.237,1.395
Spanish La Liga,2019/20,Mallorca,38.0,10.0,15.0,13.0,8.0,2.0,0.0,0.0,0.0,1.0,11.0,33.0,40.0,65.0,0.7368421052631579,5.7631578947368425,0.5523162162162163,80.0,20.0,0.0,0.0,0.0,7.69,28.95,0.868,1.053,1.711
Spanish La Liga,2019/20,Osasuna,38.0,7.0,15.0,16.0,5.0,2.0,0.0,2.0,2.0,6.0,13.0,52.0,46.0,54.0,0.8157894736842105,5.394736842105263,0.5751090909090909,71.43,28.57,0.0,26.67,13.33,37.5,34.21,1.368,1.211,1.421
Spanish La Liga,2019/20,Real Madrid,38.0,15.0,2.0,21.0,15.0,0.0,0.0,0.0,1.0,11.0,14.0,87.0,70.0,25.0,0.8947368421052632,4.578947368421052,0.6578441176470589,100.0,0.0,0.0,50.0,0.0,52.38,36.84,2.289,1.842,0.658
Spanish La Liga,2019/20,Sevilla,38.0,13.0,6.0,19.0,9.0,2.0,2.0,1.0,3.0,9.0,19.0,70.0,54.0,34.0,0.868421052631579,5.421052631578948,0.6009277777777778,69.23,30.77,15.38,66.67,16.67,47.37,50.0,1.842,1.421,0.895
Spanish La Liga,2019/20,Sociedad,38.0,9.0,9.0,20.0,6.0,0.0,3.0,1.0,2.0,9.0,20.0,56.0,56.0,48.0,0.9736842105263158,5.0,0.6197777777777778,66.67,33.33,33.33,33.33,11.11,45.0,52.63,1.474,1.474,1.263
Spanish La Liga,2019/20,Valencia,38.0,9.0,13.0,16.0,7.0,2.0,0.0,2.0,3.0,5.0,17.0,53.0,46.0,53.0,0.868421052631579,4.842105263157895,0.5452999999999999,77.78,22.22,0.0,38.46,15.38,31.25,44.74,1.395,1.211,1.395
Spanish La Liga,2019/20,Valladolid,38.0,7.0,10.0,21.0,5.0,2.0,0.0,0.0,2.0,4.0,14.0,42.0,32.0,43.0,0.6578947368421053,4.7105263157894735,0.625521875,71.43,28.57,0.0,20.0,0.0,19.05,36.84,1.105,0.842,1.132
Spanish La Liga,2019/20,Villarreal,38.0,16.0,7.0,15.0,12.0,1.0,3.0,1.0,1.0,5.0,17.0,60.0,63.0,49.0,0.9473684210526315,4.368421052631579,0.6088027777777776,75.0,25.0,18.75,28.57,14.29,33.33,44.74,1.579,1.658,1.289
Spanish La Liga,2020/21,Alaves,38.0,10.0,11.0,17.0,5.0,4.0,1.0,0.0,1.0,4.0,17.0,38.0,36.0,57.0,0.9210526315789473,4.947368421052632,0.6372588235294118,50.0,50.0,10.0,9.09,0.0,23.53,44.74,1.0,0.947,1.5
Spanish La Liga,2020/21,Ath Bilbao,38.0,10.0,9.0,19.0,6.0,4.0,0.0,1.0,2.0,4.0,19.0,46.0,46.0,42.0,0.8421052631578947,4.526315789473684,0.6400057142857142,60.0,40.0,0.0,33.33,11.11,21.05,50.0,1.211,1.211,1.105
Spanish La Liga,2020/21,Ath Madrid,38.0,16.0,4.0,18.0,15.0,1.0,0.0,1.0,0.0,10.0,13.0,86.0,67.0,25.0,0.9736842105263158,4.2105263157894735,0.5722676470588235,93.75,6.25,0.0,25.0,25.0,55.56,34.21,2.263,1.763,0.658
Spanish La Liga,2020/21,Barcelona,38.0,20.0,5.0,13.0,17.0,2.0,1.0,1.0,1.0,6.0,14.0,79.0,85.0,38.0,1.0526315789473684,4.105263157894737,0.5326297297297297,85.0,15.0,5.0,40.0,20.0,46.15,36.84,2.079,2.237,1.0
Spanish La Liga,2020/21,Betis,38.0,10.0,9.0,19.0,6.0,2.0,2.0,2.0,1.0,9.0,19.0,61.0,50.0,50.0,0.9736842105263158,4.894736842105263,0.6248055555555555,60.0,40.0,20.0,33.33,22.22,47.37,50.0,1.605,1.316,1.316
Spanish La Liga,2020/21,Cadiz,38.0,9.0,16.0,13.0,7.0,1.0,1.0,0.0,5.0,4.0,15.0,44.0,36.0,58.0,0.7368421052631579,4.552631578947368,0.49000000000000005,77.78,22.22,11.11,31.25,0.0,30.77,39.47,1.158,0.947,1.526
Spanish La Liga,2020/21,Celta,38.0,13.0,9.0,16.0,9.0,2.0,2.0,0.0,0.0,5.0,11.0,53.0,55.0,57.0,0.7105263157894737,5.815789473684211,0.4641470588235294,69.23,30.77,15.38,0.0,0.0,31.25,28.95,1.395,1.447,1.5
Spanish La Liga,2020/21,Eibar,38.0,3.0,18.0,17.0,2.0,1.0,0.0,0.0,3.0,4.0,13.0,30.0,29.0,52.0,0.6578947368421053,3.710526315789474,0.45539117647058824,66.67,33.33,0.0,16.67,0.0,23.53,34.21,0.789,0.763,1.368
Spanish La Liga,2020/21,Elche,38.0,10.0,17.0,11.0,6.0,4.0,0.0,1.0,4.0,1.0,16.0,36.0,34.0,55.0,0.9210526315789473,4.815789473684211,0.4490722222222222,60.0,40.0,0.0,29.41,5.88,9.09,42.11,0.947,0.895,1.447
Spanish La Liga,2020/21,Getafe,38.0,4.0,13.0,21.0,4.0,0.0,0.0,0.0,3.0,5.0,16.0,38.0,28.0,43.0,0.8421052631578947,6.2631578947368425,0.5353322580645162,100.0,0.0,0.0,23.08,0.0,23.81,42.11,1.0,0.737,1.132
Spanish La Liga,2020/21,Granada,38.0,6.0,16.0,16.0,5.0,1.0,0.0,2.0,0.0,6.0,13.0,46.0,47.0,65.0,0.7894736842105263,5.578947368421052,0.5071444444444444,83.33,16.67,0.0,12.5,12.5,37.5,34.21,1.211,1.237,1.711
Spanish La Liga,2020/21,Huesca,38.0,7.0,12.0,19.0,4.0,3.0,0.0,0.0,3.0,3.0,18.0,34.0,34.0,53.0,0.8421052631578947,3.6315789473684212,0.6670303030303031,57.14,42.86,0.0,25.0,0.0,15.79,47.37,0.895,0.895,1.395
Spanish La Liga,2020/21,Levante,38.0,8.0,10.0,20.0,5.0,3.0,0.0,0.0,4.0,4.0,20.0,41.0,46.0,57.0,0.8947368421052632,4.2631578947368425,0.5244342105263158,62.5,37.5,0.0,40.0,0.0,20.0,52.63,1.079,1.211,1.5
Spanish La Liga,2020/21,Osasuna,38.0,10.0,8.0,20.0,6.0,3.0,1.0,0.0,1.0,5.0,18.0,44.0,37.0,48.0,0.8157894736842105,3.9473684210526314,0.6803030303030303,60.0,40.0,10.0,12.5,0.0,25.0,47.37,1.158,0.974,1.263
Spanish La Liga,2020/21,Real Madrid,38.0,15.0,7.0,16.0,13.0,2.0,0.0,2.0,2.0,10.0,17.0,84.0,67.0,28.0,0.9210526315789473,3.973684210526316,0.6,86.67,13.33,0.0,57.14,28.57,62.5,44.74,2.211,1.763,0.737
Spanish La Liga,2020/21,Sevilla,38.0,12.0,6.0,20.0,9.0,2.0,1.0,1.0,1.0,14.0,23.0,77.0,53.0,33.0,1.0263157894736843,5.0,0.6575184210526316,75.0,25.0,8.33,33.33,16.67,70.0,60.53,2.026,1.395,0.868
Spanish La Liga,2020/21,Sociedad,38.0,15.0,7.0,16.0,13.0,2.0,0.0,0.0,3.0,4.0,15.0,62.0,59.0,38.0,0.9473684210526315,4.7368421052631575,0.5378972222222222,86.67,13.33,0.0,42.86,0.0,25.0,39.47,1.632,1.553,1.0
Spanish La Liga,2020/21,Valencia,38.0,8.0,13.0,17.0,5.0,3.0,0.0,1.0,5.0,4.0,21.0,43.0,50.0,53.0,0.9736842105263158,5.026315789473684,0.5722222222222222,62.5,37.5,0.0,46.15,7.69,23.53,55.26,1.132,1.316,1.395
Spanish La Liga,2020/21,Valladolid,38.0,10.0,12.0,16.0,4.0,4.0,2.0,1.0,5.0,0.0,21.0,31.0,34.0,57.0,0.8947368421052632,5.131578947368421,0.6231499999999999,40.0,60.0,20.0,50.0,8.33,0.0,55.26,0.816,0.895,1.5
Spanish La Liga,2020/21,Villarreal,38.0,16.0,10.0,12.0,11.0,3.0,2.0,0.0,3.0,4.0,13.0,58.0,60.0,44.0,0.7368421052631579,4.026315789473684,0.4779441176470588,68.75,31.25,12.5,30.0,0.0,33.33,34.21,1.526,1.579,1.158
Spanish La Liga,2021/22,Alaves,38.0,8.0,13.0,17.0,4.0,2.0,2.0,1.0,2.0,3.0,21.0,31.0,31.0,65.0,1.0789473684210527,4.684210526315789,0.6330000000000001,50.0,50.0,25.0,23.08,7.69,17.65,55.26,0.816,0.816,1.711
Spanish La Liga,2021/22,Ath Bilbao,38.0,10.0,11.0,17.0,9.0,1.0,0.0,0.0,2.0,5.0,10.0,55.0,43.0,36.0,0.631578947368421,5.421052631578948,0.41197812500000003,90.0,10.0,0.0,18.18,0.0,29.41,26.32,1.447,1.132,0.947
Spanish La Liga,2021/22,Ath Madrid,38.0,12.0,8.0,18.0,10.0,2.0,0.0,3.0,1.0,8.0,19.0,71.0,65.0,43.0,0.9736842105263158,5.605263157894737,0.5914694444444444,83.33,16.67,0.0,50.0,37.5,44.44,50.0,1.868,1.711,1.132
Spanish La Liga,2021/22,Barcelona,38.0,15.0,7.0,16.0,14.0,1.0,0.0,1.0,1.0,6.0,11.0,73.0,68.0,38.0,0.6578947368421053,5.2368421052631575,0.5578722222222221,93.33,6.67,0.0,28.57,14.29,37.5,28.95,1.921,1.789,1.0
Spanish La Liga,2021/22,Betis,38.0,15.0,7.0,16.0,13.0,2.0,0.0,1.0,1.0,5.0,15.0,65.0,62.0,40.0,1.0,4.5,0.560785294117647,86.67,13.33,0.0,28.57,14.29,31.25,39.47,1.711,1.632,1.053
Spanish La Liga,2021/22,Cadiz,38.0,6.0,12.0,20.0,3.0,2.0,1.0,0.0,4.0,5.0,18.0,39.0,35.0,51.0,1.0263157894736843,5.605263157894737,0.58958125,50.0,50.0,16.67,33.33,0.0,25.0,47.37,1.026,0.921,1.342
Spanish La Liga,2021/22,Celta,38.0,10.0,11.0,17.0,8.0,1.0,1.0,0.0,2.0,4.0,14.0,46.0,43.0,43.0,0.8421052631578947,5.184210526315789,0.5674575757575757,80.0,20.0,10.0,18.18,0.0,23.53,36.84,1.211,1.132,1.132
Spanish La Liga,2021/22,Elche,38.0,8.0,12.0,18.0,4.0,3.0,1.0,1.0,0.0,6.0,17.0,42.0,40.0,52.0,0.868421052631579,5.052631578947368,0.6064861111111112,50.0,50.0,12.5,8.33,8.33,33.33,44.74,1.105,1.053,1.368
Spanish La Liga,2021/22,Espanol,38.0,8.0,14.0,16.0,5.0,2.0,1.0,1.0,4.0,4.0,18.0,42.0,40.0,53.0,0.7368421052631579,6.157894736842105,0.5277542857142858,62.5,37.5,12.5,35.71,7.14,25.0,47.37,1.105,1.053,1.395
Spanish La Liga,2021/22,Getafe,38.0,8.0,10.0,20.0,4.0,3.0,1.0,0.0,1.0,4.0,14.0,39.0,33.0,41.0,0.7631578947368421,6.315789473684211,0.43809666666666663,50.0,50.0,12.5,10.0,0.0,20.0,36.84,1.026,0.868,1.079
Spanish La Liga,2021/22,Granada,38.0,8.0,13.0,17.0,4.0,3.0,1.0,0.0,4.0,4.0,18.0,38.0,44.0,61.0,1.0,5.7105263157894735,0.5691939393939394,50.0,50.0,12.5,30.77,0.0,23.53,47.37,1.0,1.158,1.605
Spanish La Liga,2021/22,Levante,38.0,9.0,15.0,14.0,3.0,2.0,4.0,1.0,3.0,4.0,18.0,35.0,51.0,76.0,1.105263157894737,5.7368421052631575,0.6474085714285714,33.33,66.67,44.44,26.67,6.67,28.57,47.37,0.921,1.342,2.0
Spanish La Liga,2021/22,Mallorca,38.0,9.0,11.0,18.0,4.0,4.0,1.0,0.0,0.0,6.0,18.0,39.0,36.0,63.0,1.0263157894736843,6.315789473684211,0.6181382352941176,44.44,55.56,11.11,0.0,0.0,33.33,47.37,1.026,0.947,1.658
Spanish La Liga,2021/22,Osasuna,38.0,7.0,10.0,21.0,5.0,2.0,0.0,2.0,0.0,5.0,16.0,47.0,37.0,51.0,0.9210526315789473,4.184210526315789,0.6080818181818181,71.43,28.57,0.0,20.0,20.0,23.81,42.11,1.237,0.974,1.342
Spanish La Liga,2021/22,Real Madrid,38.0,16.0,7.0,15.0,15.0,1.0,0.0,2.0,1.0,9.0,13.0,86.0,80.0,31.0,1.1578947368421053,4.2631578947368425,0.5666666666666668,93.75,6.25,0.0,42.86,28.57,60.0,34.21,2.263,2.105,0.816
Spanish La Liga,2021/22,Sevilla,38.0,13.0,5.0,20.0,10.0,2.0,1.0,0.0,4.0,8.0,17.0,70.0,53.0,30.0,0.7368421052631579,5.2631578947368425,0.5025242424242424,76.92,23.08,7.69,80.0,0.0,40.0,44.74,1.842,1.395,0.789
Spanish La Liga,2021/22,Sociedad,38.0,9.0,7.0,22.0,6.0,3.0,0.0,2.0,1.0,9.0,21.0,62.0,40.0,37.0,1.0526315789473684,4.7105263157894735,0.709378125,66.67,33.33,0.0,42.86,28.57,40.91,55.26,1.632,1.053,0.974
Spanish La Liga,2021/22,Valencia,38.0,9.0,11.0,18.0,6.0,2.0,1.0,1.0,3.0,4.0,15.0,48.0,48.0,53.0,0.8421052631578947,7.2894736842105265,0.545459375,66.67,33.33,11.11,36.36,9.09,22.22,39.47,1.263,1.263,1.395
Spanish La Liga,2021/22,Vallecano,38.0,9.0,15.0,14.0,8.0,1.0,0.0,0.0,4.0,3.0,15.0,42.0,39.0,50.0,0.7368421052631579,5.5,0.5203694444444444,88.89,11.11,0.0,26.67,0.0,21.43,39.47,1.105,1.026,1.316
Spanish La Liga,2021/22,Villarreal,38.0,16.0,6.0,16.0,14.0,1.0,1.0,0.0,2.0,2.0,12.0,59.0,63.0,37.0,0.8421052631578947,4.7368421052631575,0.5395363636363636,87.5,12.5,6.25,33.33,0.0,12.5,31.58,1.553,1.658,0.974
Spanish La Liga,2022/23,Almeria,38.0,11.0,11.0,16.0,8.0,1.0,2.0,1.0,0.0,2.0,13.0,41.0,49.0,65.0,0.7894736842105263,5.157894736842105,0.5171189189189189,72.73,27.27,18.18,9.09,9.09,12.5,34.21,1.079,1.289,1.711
Spanish La Liga,2022/23,Ath Bilbao,38.0,12.0,8.0,18.0,12.0,0.0,0.0,0.0,1.0,2.0,11.0,51.0,47.0,43.0,0.8157894736842105,4.921052631578948,0.6000030303030303,100.0,0.0,0.0,12.5,0.0,11.11,28.95,1.342,1.237,1.132
Spanish La Liga,2022/23,Ath Madrid,38.0,16.0,6.0,16.0,13.0,3.0,0.0,0.0,0.0,10.0,14.0,77.0,70.0,33.0,0.9473684210526315,5.2105263157894735,0.6166710526315788,81.25,18.75,0.0,0.0,0.0,62.5,36.84,2.026,1.842,0.868
Spanish La Liga,2022/23,Barcelona,38.0,19.0,7.0,12.0,18.0,1.0,0.0,1.0,0.0,9.0,11.0,88.0,70.0,20.0,0.8157894736842105,4.894736842105263,0.43857142857142856,94.74,5.26,0.0,14.29,14.29,75.0,28.95,2.316,1.842,0.526
Spanish La Liga,2022/23,Betis,38.0,13.0,6.0,19.0,10.0,3.0,0.0,2.0,0.0,5.0,18.0,60.0,46.0,41.0,0.7631578947368421,5.315789473684211,0.545684375,76.92,23.08,0.0,33.33,33.33,26.32,47.37,1.579,1.211,1.079
Spanish La Liga,2022/23,Cadiz,38.0,9.0,11.0,18.0,5.0,4.0,0.0,0.0,1.0,5.0,16.0,42.0,30.0,53.0,0.8947368421052632,6.131578947368421,0.6338424242424242,55.56,44.44,0.0,9.09,0.0,27.78,42.11,1.105,0.789,1.395
Spanish La Liga,2022/23,Celta,38.0,9.0,15.0,14.0,5.0,3.0,1.0,0.0,4.0,6.0,19.0,43.0,43.0,53.0,0.9473684210526315,5.605263157894737,0.5433888888888888,55.56,44.44,11.11,26.67,0.0,42.86,50.0,1.132,1.132,1.395
Spanish La Liga,2022/23,Elche,38.0,6.0,19.0,13.0,3.0,1.0,2.0,0.0,5.0,2.0,17.0,25.0,30.0,67.0,1.0,5.2631578947368425,0.47500000000000003,50.0,50.0,33.33,26.32,0.0,15.38,44.74,0.658,0.789,1.763
Spanish La Liga,2022/23,Espanol,38.0,4.0,17.0,17.0,2.0,0.0,2.0,0.0,6.0,6.0,18.0,37.0,52.0,69.0,0.7368421052631579,5.842105263157895,0.6121621621621621,50.0,50.0,50.0,35.29,0.0,35.29,47.37,0.974,1.368,1.816
Spanish La Liga,2022/23,Getafe,38.0,6.0,12.0,20.0,4.0,1.0,1.0,0.0,2.0,6.0,15.0,42.0,34.0,45.0,0.7105263157894737,6.105263157894737,0.547396875,66.67,33.33,16.67,16.67,0.0,30.0,39.47,1.105,0.895,1.184
Spanish La Liga,2022/23,Girona,38.0,9.0,9.0,20.0,7.0,1.0,1.0,1.0,2.0,5.0,18.0,49.0,58.0,55.0,0.7894736842105263,5.0,0.5743243243243243,77.78,22.22,11.11,33.33,11.11,25.0,47.37,1.289,1.526,1.447
Spanish La Liga,2022/23,Mallorca,38.0,8.0,12.0,18.0,8.0,0.0,0.0,1.0,3.0,5.0,17.0,50.0,37.0,43.0,0.7894736842105263,5.815789473684211,0.5699055555555556,100.0,0.0,0.0,33.33,8.33,27.78,44.74,1.316,0.974,1.132
Spanish La Liga,2022/23,Osasuna,38.0,9.0,11.0,18.0,6.0,2.0,1.0,1.0,1.0,8.0,18.0,53.0,37.0,42.0,0.8947368421052632,4.973684210526316,0.5980411764705883,66.67,33.33,11.11,18.18,9.09,44.44,47.37,1.395,0.974,1.105
Spanish La Liga,2022/23,Real Madrid,38.0,15.0,4.0,19.0,14.0,1.0,0.0,1.0,0.0,9.0,16.0,78.0,75.0,36.0,1.0,4.7105263157894735,0.5754611111111111,93.33,6.67,0.0,25.0,25.0,47.37,42.11,2.053,1.974,0.947
Spanish La Liga,2022/23,Sevilla,38.0,10.0,12.0,16.0,5.0,4.0,1.0,1.0,3.0,7.0,22.0,49.0,47.0,54.0,1.0526315789473684,6.157894736842105,0.5893162162162161,50.0,50.0,10.0,33.33,8.33,43.75,57.89,1.289,1.237,1.421
Spanish La Liga,2022/23,Sociedad,38.0,17.0,6.0,15.0,15.0,2.0,0.0,0.0,1.0,6.0,13.0,71.0,51.0,35.0,0.6842105263157895,5.2631578947368425,0.4471457142857143,88.24,11.76,0.0,16.67,0.0,40.0,34.21,1.868,1.342,0.921
Spanish La Liga,2022/23,Valencia,38.0,10.0,9.0,19.0,8.0,2.0,0.0,1.0,2.0,2.0,19.0,42.0,42.0,45.0,0.7631578947368421,6.2368421052631575,0.6074605263157895,80.0,20.0,0.0,33.33,11.11,10.53,50.0,1.105,1.105,1.184
Spanish La Liga,2022/23,Valladolid,38.0,9.0,9.0,20.0,6.0,2.0,1.0,0.0,0.0,5.0,18.0,40.0,33.0,63.0,0.9736842105263158,4.394736842105263,0.6268205882352942,66.67,33.33,11.11,0.0,0.0,25.0,47.37,1.053,0.868,1.658
Spanish La Liga,2022/23,Vallecano,38.0,8.0,11.0,19.0,5.0,3.0,0.0,0.0,2.0,8.0,19.0,49.0,45.0,53.0,0.9210526315789473,5.157894736842105,0.6073529411764705,62.5,37.5,0.0,18.18,0.0,42.11,50.0,1.289,1.184,1.395
Spanish La Liga,2022/23,Villarreal,38.0,7.0,12.0,19.0,6.0,1.0,0.0,2.0,2.0,11.0,20.0,64.0,59.0,40.0,1.0789473684210527,5.315789473684211,0.6046277777777779,85.71,14.29,0.0,33.33,16.67,57.89,52.63,1.684,1.553,1.053
Spanish La Liga,2023/24,Alaves,38.0,8.0,13.0,17.0,7.0,0.0,1.0,0.0,2.0,5.0,12.0,46.0,36.0,46.0,0.7105263157894737,5.052631578947368,0.5396833333333333,87.5,12.5,12.5,15.38,0.0,29.41,31.58,1.211,0.947,1.211
Spanish La Liga,2023/24,Almeria,38.0,6.0,16.0,16.0,2.0,3.0,1.0,1.0,1.0,0.0,14.0,21.0,43.0,75.0,1.0,4.552631578947368,0.5002764705882353,33.33,66.67,16.67,12.5,6.25,0.0,36.84,0.553,1.132,1.974
Spanish La Liga,2023/24,Ath Bilbao,38.0,18.0,5.0,15.0,14.0,3.0,1.0,0.0,1.0,5.0,13.0,68.0,61.0,37.0,0.9736842105263158,4.447368421052632,0.5699617647058823,77.78,22.22,5.56,20.0,0.0,33.33,34.21,1.789,1.605,0.974
Spanish La Liga,2023/24,Ath Madrid,38.0,17.0,10.0,11.0,16.0,1.0,0.0,1.0,1.0,7.0,12.0,76.0,70.0,43.0,1.105263157894737,4.657894736842105,0.5380270270270271,94.12,5.88,0.0,20.0,10.0,63.64,31.58,2.0,1.842,1.132
Spanish La Liga,2023/24,Barcelona,38.0,14.0,9.0,15.0,12.0,0.0,2.0,4.0,3.0,10.0,20.0,85.0,79.0,44.0,1.1842105263157894,5.0,0.6501055555555556,85.71,14.29,14.29,77.78,44.44,66.67,52.63,2.237,2.079,1.158
Spanish La Liga,2023/24,Betis,38.0,13.0,8.0,17.0,11.0,1.0,1.0,0.0,2.0,3.0,9.0,57.0,48.0,45.0,0.5789473684210527,5.0,0.48737575757575763,84.62,15.38,7.69,25.0,0.0,17.65,23.68,1.5,1.263,1.184
Spanish La Liga,2023/24,Cadiz,38.0,10.0,10.0,18.0,4.0,4.0,2.0,0.0,3.0,2.0,19.0,33.0,26.0,55.0,1.0789473684210527,5.657894736842105,0.6022363636363636,40.0,60.0,20.0,30.0,0.0,11.11,50.0,0.868,0.684,1.447
Spanish La Liga,2023/24,Celta,38.0,9.0,13.0,16.0,5.0,3.0,1.0,2.0,3.0,3.0,20.0,41.0,46.0,57.0,0.9736842105263158,4.2631578947368425,0.5974857142857142,55.56,44.44,11.11,38.46,15.38,18.75,52.63,1.079,1.211,1.5
Spanish La Liga,2023/24,Getafe,38.0,9.0,14.0,15.0,5.0,2.0,2.0,0.0,2.0,5.0,12.0,43.0,42.0,54.0,0.7631578947368421,6.7368421052631575,0.4128823529411764,55.56,44.44,22.22,14.29,0.0,33.33,31.58,1.132,1.105,1.421
Spanish La Liga,2023/24,Girona,38.0,16.0,8.0,14.0,14.0,2.0,0.0,1.0,1.0,10.0,15.0,81.0,85.0,46.0,1.105263157894737,4.7894736842105265,0.5491027777777778,87.5,12.5,0.0,25.0,12.5,71.43,39.47,2.132,2.237,1.211
Spanish La Liga,2023/24,Granada,38.0,6.0,19.0,13.0,3.0,2.0,1.0,0.0,3.0,1.0,15.0,21.0,38.0,79.0,0.9736842105263158,5.184210526315789,0.5446447368421051,50.0,50.0,16.67,15.79,0.0,7.69,39.47,0.553,1.0,2.079
Spanish La Liga,2023/24,Las Palmas,38.0,9.0,12.0,17.0,6.0,2.0,1.0,0.0,2.0,4.0,16.0,40.0,33.0,47.0,0.8421052631578947,4.947368421052632,0.6388916666666667,66.67,33.33,11.11,16.67,0.0,23.53,42.11,1.053,0.868,1.237
Spanish La Liga,2023/24,Mallorca,38.0,5.0,8.0,25.0,3.0,2.0,0.0,0.0,3.0,5.0,19.0,40.0,33.0,44.0,0.6052631578947368,4.184210526315789,0.5502515151515152,60.0,40.0,0.0,37.5,0.0,20.0,50.0,1.053,0.868,1.158
Spanish La Liga,2023/24,Osasuna,38.0,12.0,13.0,13.0,8.0,3.0,1.0,0.0,2.0,4.0,15.0,45.0,45.0,56.0,0.9210526315789473,4.7105263157894735,0.5882918918918919,66.67,33.33,8.33,15.38,0.0,30.77,39.47,1.184,1.184,1.474
Spanish La Liga,2023/24,Real Madrid,38.0,18.0,6.0,14.0,16.0,2.0,0.0,4.0,1.0,9.0,16.0,95.0,87.0,26.0,1.3157894736842106,4.473684210526316,0.6039388888888888,88.89,11.11,0.0,83.33,66.67,64.29,42.11,2.5,2.289,0.684
Spanish La Liga,2023/24,Sevilla,38.0,11.0,12.0,15.0,8.0,1.0,2.0,0.0,5.0,2.0,18.0,41.0,48.0,54.0,0.8421052631578947,5.105263157894737,0.546161111111111,72.73,27.27,18.18,41.67,0.0,13.33,47.37,1.079,1.263,1.421
Spanish La Liga,2023/24,Sociedad,38.0,13.0,9.0,16.0,10.0,2.0,1.0,2.0,0.0,4.0,11.0,60.0,51.0,39.0,0.631578947368421,5.2894736842105265,0.46201212121212126,76.92,23.08,7.69,22.22,22.22,25.0,28.95,1.579,1.342,1.026
Spanish La Liga,2023/24,Valencia,38.0,11.0,10.0,17.0,7.0,3.0,1.0,0.0,1.0,6.0,16.0,49.0,40.0,45.0,0.7631578947368421,4.526315789473684,0.5789235294117647,63.64,36.36,9.09,10.0,0.0,35.29,42.11,1.289,1.053,1.184
Spanish La Liga,2023/24,Vallecano,38.0,7.0,9.0,22.0,5.0,2.0,0.0,1.0,0.0,2.0,13.0,38.0,29.0,48.0,0.868421052631579,5.815789473684211,0.5695096774193549,71.43,28.57,0.0,11.11,11.11,9.09,34.21,1.0,0.763,1.263
Spanish La Liga,2023/24,Villarreal,38.0,7.0,15.0,16.0,6.0,1.0,0.0,2.0,3.0,6.0,15.0,53.0,65.0,65.0,0.868421052631579,5.552631578947368,0.5688527777777777,85.71,14.29,0.0,33.33,13.33,37.5,39.47,1.395,1.711,1.711
Spanish La Liga,2024/25,Alaves,38.0,10.0,10.0,18.0,4.0,4.0,2.0,0.0,3.0,6.0,22.0,42.0,38.0,48.0,0.8157894736842105,5.868421052631579,0.6125027777777778,40.0,60.0,20.0,30.0,0.0,33.33,57.89,1.105,1.0,1.263
Spanish La Liga,2024/25,Ath Bilbao,38.0,12.0,4.0,22.0,9.0,3.0,0.0,2.0,1.0,8.0,19.0,70.0,54.0,29.0,0.8157894736842105,4.0,0.6388848484848484,75.0,25.0,0.0,75.0,50.0,36.36,50.0,1.842,1.421,0.763
Spanish La Liga,2024/25,Ath Madrid,38.0,14.0,8.0,16.0,10.0,3.0,1.0,4.0,2.0,8.0,21.0,76.0,68.0,30.0,1.1578947368421053,3.8684210526315788,0.6478166666666668,71.43,28.57,7.14,75.0,50.0,50.0,55.26,2.0,1.789,0.789
Spanish La Liga,2024/25,Barcelona,38.0,18.0,6.0,14.0,14.0,2.0,2.0,3.0,0.0,11.0,19.0,88.0,102.0,39.0,1.394736842105263,4.105263157894737,0.5250947368421053,77.78,22.22,11.11,50.0,50.0,78.57,50.0,2.316,2.684,1.026
Spanish La Liga,2024/25,Betis,38.0,11.0,6.0,21.0,6.0,4.0,1.0,2.0,2.0,8.0,24.0,60.0,57.0,50.0,1.0789473684210527,4.894736842105263,0.5959486486486486,54.55,45.45,9.09,66.67,33.33,38.1,63.16,1.579,1.5,1.316
Spanish La Liga,2024/25,Celta,38.0,11.0,14.0,13.0,9.0,1.0,1.0,3.0,3.0,4.0,18.0,55.0,59.0,57.0,0.868421052631579,4.868421052631579,0.5391000000000001,81.82,18.18,9.09,42.86,21.43,30.77,47.37,1.447,1.553,1.5
Spanish La Liga,2024/25,Espanol,38.0,10.0,10.0,18.0,6.0,3.0,1.0,0.0,1.0,5.0,18.0,42.0,40.0,51.0,0.8157894736842105,4.105263157894737,0.6009277777777778,60.0,40.0,10.0,10.0,0.0,27.78,47.37,1.105,1.053,1.342
Spanish La Liga,2024/25,Getafe,38.0,7.0,15.0,16.0,5.0,1.0,1.0,1.0,3.0,5.0,17.0,42.0,34.0,39.0,0.6842105263157895,5.842105263157895,0.48095428571428583,71.43,28.57,14.29,26.67,6.67,31.25,44.74,1.105,0.895,1.026
Spanish La Liga,2024/25,Girona,38.0,9.0,14.0,15.0,7.0,1.0,1.0,0.0,2.0,4.0,14.0,41.0,44.0,60.0,0.9210526315789473,4.2368421052631575,0.5949189189189189,77.78,22.22,11.11,14.29,0.0,26.67,36.84,1.079,1.158,1.579
Spanish La Liga,2024/25,Las Palmas,38.0,4.0,14.0,20.0,2.0,2.0,0.0,1.0,2.0,5.0,21.0,32.0,40.0,61.0,0.868421052631579,5.447368421052632,0.6306297297297297,50.0,50.0,0.0,21.43,7.14,25.0,55.26,0.842,1.053,1.605
Spanish La Liga,2024/25,Leganes,38.0,9.0,8.0,21.0,4.0,2.0,3.0,0.0,1.0,5.0,17.0,40.0,39.0,56.0,0.9210526315789473,4.2894736842105265,0.5943323529411765,44.44,55.56,33.33,12.5,0.0,23.81,44.74,1.053,1.026,1.474
Spanish La Liga,2024/25,Mallorca,38.0,7.0,8.0,23.0,4.0,1.0,2.0,0.0,2.0,9.0,22.0,48.0,35.0,44.0,0.8157894736842105,4.157894736842105,0.6446088235294117,57.14,42.86,28.57,25.0,0.0,39.13,57.89,1.263,0.921,1.158
Spanish La Liga,2024/25,Osasuna,38.0,14.0,10.0,14.0,10.0,2.0,2.0,0.0,5.0,2.0,14.0,52.0,48.0,52.0,0.7368421052631579,4.526315789473684,0.6071457142857144,71.43,28.57,14.29,50.0,0.0,14.29,36.84,1.368,1.263,1.368
Spanish La Liga,2024/25,Real Madrid,38.0,19.0,7.0,12.0,17.0,2.0,0.0,3.0,2.0,6.0,17.0,84.0,78.0,38.0,1.1842105263157894,4.105263157894737,0.5686763157894736,89.47,10.53,0.0,71.43,42.86,50.0,44.74,2.211,2.053,1.0
Spanish La Liga,2024/25,Sevilla,38.0,7.0,12.0,19.0,5.0,1.0,1.0,1.0,2.0,4.0,16.0,41.0,42.0,55.0,0.6842105263157895,5.2894736842105265,0.5445750000000001,71.43,28.57,14.29,25.0,8.33,21.05,42.11,1.079,1.105,1.447
Spanish La Liga,2024/25,Sociedad,38.0,12.0,12.0,14.0,11.0,1.0,0.0,0.0,1.0,2.0,11.0,46.0,35.0,46.0,0.7368421052631579,4.526315789473684,0.5068676470588235,91.67,8.33,0.0,8.33,0.0,14.29,28.95,1.211,0.921,1.211
Spanish La Liga,2024/25,Valencia,38.0,8.0,15.0,15.0,6.0,1.0,1.0,0.0,7.0,5.0,19.0,46.0,44.0,54.0,0.7631578947368421,4.605263157894737,0.47430833333333333,75.0,25.0,12.5,46.67,0.0,33.33,50.0,1.211,1.158,1.421
Spanish La Liga,2024/25,Valladolid,38.0,3.0,19.0,16.0,2.0,0.0,1.0,0.0,1.0,2.0,15.0,16.0,26.0,90.0,1.0789473684210527,4.894736842105263,0.5765222222222222,66.67,33.33,33.33,5.26,0.0,12.5,39.47,0.421,0.684,2.368
Spanish La Liga,2024/25,Vallecano,38.0,12.0,9.0,17.0,4.0,5.0,3.0,1.0,2.0,8.0,22.0,52.0,41.0,45.0,0.8947368421052632,4.7631578947368425,0.5619028571428573,33.33,66.67,25.0,33.33,11.11,47.06,57.89,1.368,1.079,1.184
Spanish La Liga,2024/25,Villarreal,38.0,14.0,10.0,14.0,10.0,4.0,0.0,2.0,1.0,8.0,16.0,70.0,71.0,51.0,0.9210526315789473,5.342105263157895,0.4837837837837837,71.43,28.57,0.0,30.0,20.0,57.14,42.11,1.842,1.868,1.342
